ID,First Name,Gender,Salary,Bonus %,Team,Start Date,Last Login Time,Salary_norm
3,Maria,Female,130590.0,11.858,Finance,4/23/1993,11:17 AM,0.8711342957013635
4,Jerry,Female,90335.26726342711,9.34,Finance,1/26/2005,10:09 PM,0.602604712646604
5,Larry,Male,101004.0,10.360060723514213,Client Services,1/24/1998,4:47 PM,0.6737732475918563
6,Dennis,Male,90335.26726342711,10.125,Finance,1/26/2005,1:35 AM,0.602604712646604
8,Marilyn,Female,45906.0,11.598,Finance,7/20/2015,10:43 AM,0.306227819729434
10,Marilyn,Female,139852.0,7.524,Business Development,1/26/2005,10:09 PM,0.932918856898898
12,Julie,Female,102508.0,10.360060723514213,Legal,10/26/1997,10:09 PM,0.6838060677215358
13,Brandon,Male,90335.26726342711,17.492,Human Resources,1/26/2005,1:08 AM,0.602604712646604
15,Kimberly,Female,41426.0,10.360060723514213,Finance,1/26/2005,7:13 AM,0.2763428235984737
16,Marilyn,Female,90335.26726342711,1.256,Finance,1/26/2005,6:09 AM,0.602604712646604
17,Marilyn,Male,90370.0,7.369,Human Resources,9/21/2010,5:56 AM,0.6028364063292152
18,Shawn,Male,111737.0,10.360060723514213,Finance,1/26/2005,10:09 PM,0.7453704939029271
19,Diana,Female,132940.0,19.082,Finance,10/23/1981,10:27 AM,0.8868105771539878
22,Matthew,Male,90335.26726342711,13.645,Finance,1/26/2005,2:12 AM,0.602604712646604
24,Marilyn,Male,125792.0,10.360060723514213,Finance,6/14/2012,4:19 PM,0.8391279985057502
25,John,Male,90335.26726342711,13.873,Client Services,1/26/2005,10:08 PM,0.602604712646604
26,Marilyn,Male,37076.0,10.360060723514213,Finance,1/26/2005,1:12 AM,0.2473250260159564
27,Craig,Male,90335.26726342711,7.757,Marketing,2/27/2000,10:09 PM,0.602604712646604
29,Terry,Male,90335.26726342711,13.464,Client Services,11/27/1981,10:09 PM,0.602604712646604
30,Benjamin,Male,79529.0,10.360060723514213,Legal,1/26/2005,10:09 PM,0.5305187181471303
31,Christina,Female,118780.0,9.096,Engineering,1/26/2005,1:19 PM,0.7923526429543454
32,Joyce,Female,88657.0,10.360060723514213,Finance,2/20/2005,10:09 PM,0.5914093977639618
34,Jean,Female,119082.0,16.18,Business Development,1/26/2005,9:07 AM,0.7943672118899592
35,Jerry,Male,95734.0,10.360060723514213,Client Services,1/26/2005,10:09 PM,0.6386183525895883
36,Theresa,Female,90335.26726342711,16.675,Finance,1/26/2005,1:12 AM,0.602604712646604
37,Marilyn,Female,142032.0,10.360060723514213,Business Development,2/16/2009,10:09 PM,0.9474611094804812
38,Linda,Female,90335.26726342711,9.557,Finance,10/19/1981,8:49 PM,0.602604712646604
39,Stephanie,Female,36844.0,10.360060723514213,Business Development,1/26/2005,1:52 AM,0.2457774101448888
40,Marilyn,Male,122173.0,7.797,Finance,1/29/2016,10:09 PM,0.8149865250687088
42,Christine,Female,66582.0,10.360060723514213,Finance,1/26/2005,10:09 PM,0.4441524134802679
43,Beverly,Female,90335.26726342711,15.835,Finance,1/26/2005,8:26 PM,0.602604712646604
44,Marilyn,Female,73524.0,5.207,Marketing,1/26/2005,3:16 AM,0.4904608159671265
45,Cynthia,Female,145146.0,10.360060723514213,Product,11/16/1988,10:09 PM,0.9682338500947248
47,Bruce,Male,114796.0,6.796,Finance,11/28/2009,10:47 PM,0.7657763428235985
48,Kathy,Female,66820.0,10.360060723514213,Client Services,1/26/2005,10:09 PM,0.4457400538997251
50,Marilyn,Female,90335.26726342711,3.055,Finance,1/24/1980,10:09 PM,0.602604712646604
51,Nancy,Female,94976.0,10.360060723514213,Engineering,1/26/2005,8:05 AM,0.6335619179763589
53,Todd,Male,90335.26726342711,1.695,Human Resources,2/18/1990,2:41 AM,0.602604712646604
54,Alan,Female,40341.0,10.360060723514213,Finance,1/26/2005,1:28 PM,0.2691050510980067
57,Carl,Male,90335.26726342711,10.360060723514213,Finance,1/26/2005,5:55 PM,0.602604712646604
58,Henry,Male,64715.0,15.107,Finance,6/26/1996,10:09 PM,0.4316981081730128
59,Theresa,Female,72670.0,1.481,Engineering,1/26/2005,7:18 AM,0.4847639885796622
60,Irene,Female,90335.26726342711,10.360060723514213,Engineering,1/26/2005,9:32 AM,0.602604712646604
61,Paula,Female,48866.0,4.271,Finance,11/23/2005,10:09 PM,0.3259732636016756
62,Marilyn,Female,90335.26726342711,10.360060723514213,Business Development,1/26/2005,12:03 PM,0.602604712646604
63,Marilyn,Female,58112.0,19.414,Marketing,1/26/2005,10:09 PM,0.387651092670171
64,Matthew,Male,90335.26726342711,18.04,Human Resources,1/26/2005,10:33 PM,0.602604712646604
65,Kathleen,Female,77834.0,10.360060723514213,Finance,1/26/2005,10:09 PM,0.519211783227046
67,Nancy,Female,125250.0,2.672,Finance,12/15/2012,11:57 PM,0.8355124476345492
68,Rachel,Female,51178.0,10.360060723514213,Finance,8/16/1999,6:53 AM,0.341396056247832
69,Jose,Male,90335.26726342711,14.33,Finance,10/30/2004,1:39 PM,0.602604712646604
70,Irene,Female,100863.0,10.360060723514213,Finance,7/14/2015,4:31 PM,0.6728326707046989
71,Todd,Female,84692.0,6.617,Client Services,1/26/2005,2:26 PM,0.564959842036449
72,Johnny,Male,118172.0,10.360060723514213,Finance,1/26/2005,4:23 PM,0.7882968220508578
73,Bobby,Male,90335.26726342711,3.833,Product,1/26/2005,10:01 AM,0.602604712646604
74,Frances,Female,90582.0,4.709,Sales,1/26/2005,4:19 PM,0.6042506070389839
75,Marilyn,Male,62096.0,10.360060723514213,Finance,1/26/2005,2:24 PM,0.4142273928009179
76,Bonnie,Female,90335.26726342711,5.118,Human Resources,1/26/2005,1:27 AM,0.602604712646604
77,Margaret,Female,131604.0,7.353,Distribution,1/26/2005,12:42 PM,0.8778984443792193
78,Charles,Male,107391.0,1.26,Finance,9/14/2004,8:13 PM,0.7163793793526696
79,Robin,Female,90335.26726342711,10.360060723514213,Sales,1/26/2005,3:15 PM,0.602604712646604
80,Bonnie,Female,115814.0,4.99,Product,11/13/1988,3:30 PM,0.772567174533714
81,Gerald,Female,90335.26726342711,15.602,Finance,3/17/1995,12:50 AM,0.602604712646604
82,Christopher,Male,47369.0,10.360060723514213,Legal,1/26/2005,10:52 AM,0.3159871387784508
83,Steven,Male,35095.0,8.379,Finance,3/30/1980,9:20 PM,0.2341102542892974
84,Shawn,Male,90335.26726342711,6.539,Finance,1/26/2005,2:55 AM,0.602604712646604
85,Doris,Female,90335.26726342711,10.360060723514213,Finance,8/20/2004,5:51 AM,0.602604712646604
86,Jeremy,Male,100238.0,3.887,Finance,1/26/2005,8:50 AM,0.6686634469141073
87,Annie,Female,90335.26726342711,17.29,Business Development,9/29/2007,12:11 AM,0.602604712646604
88,Annie,Female,144887.0,10.360060723514213,Sales,1/26/2005,2:05 AM,0.9665061237559036
90,Janice,Female,90335.26726342711,10.360060723514213,Legal,1/26/2005,12:40 AM,0.602604712646604
92,James,Female,90335.26726342711,8.309,Finance,1/26/2005,11:00 PM,0.602604712646604
93,Linda,Female,119009.0,12.506,Business Development,5/25/2000,5:45 PM,0.793880246551218
94,Virginia,Female,111858.0,1.601,Legal,1/26/2005,5:58 PM,0.7461776556287857
95,Harry,Male,130620.0,2.11,Legal,8/26/1981,3:16 PM,0.8713344184433119
96,Heather,Female,90335.26726342711,14.166,Client Services,1/26/2005,2:17 PM,0.602604712646604
97,Cynthia,Female,142321.0,10.360060723514213,Finance,3/21/1994,8:34 AM,0.9493889585612508
98,Laura,Female,140371.0,10.62,Marketing,1/26/2005,9:23 PM,0.9363809803346052
99,Tina,Female,90335.26726342711,16.961,Marketing,6/16/2016,7:47 PM,0.602604712646604
100,Harold,Male,90335.26726342711,10.360060723514213,Finance,1/26/2005,9:40 PM,0.602604712646604
101,Marilyn,Female,48109.0,14.995,Finance,6/21/2005,6:33 AM,0.3209234997465112
102,Aaron,Male,61602.0,10.360060723514213,Marketing,1/26/2005,10:20 AM,0.4109320383168343
103,Jack,Male,90335.26726342711,12.159,Finance,1/26/2005,5:51 AM,0.602604712646604
104,Phyllis,Female,136984.0,10.360060723514213,Finance,1/26/2005,9:30 PM,0.9137871227686314
105,John,Male,80740.0,19.305,Marketing,12/23/1989,7:01 AM,0.5385970061637805
106,Kathy,Female,90335.26726342711,8.567,Finance,1/26/2005,4:33 AM,0.602604712646604
107,Paul,Male,42146.0,10.360060723514213,Legal,1/26/2005,7:25 PM,0.2811457694052352
108,Steven,Male,68680.0,16.565,Legal,4/23/2013,10:12 PM,0.4581476639005256
109,Russell,Female,133980.0,12.396,Legal,1/26/2005,7:57 AM,0.8937481655415321
110,Christopher,Male,90335.26726342711,10.360060723514213,Finance,4/22/2000,10:15 AM,0.602604712646604
111,Shirley,Female,147113.0,16.135,Legal,6/20/2001,10:39 PM,0.9813552312084746
113,Willie,Male,64363.0,4.023,Finance,11/27/2003,6:21 AM,0.4293500013341516
114,Tina,Female,90335.26726342711,10.360060723514213,Finance,1/26/2005,7:16 AM,0.602604712646604
115,Ashley,Female,58698.0,6.811,Business Development,1/26/2005,11:00 AM,0.3915601568962297
116,Pamela,Female,90335.26726342711,4.166,Product,1/26/2005,6:51 AM,0.602604712646604
117,Marilyn,Female,76189.0,18.988,Legal,6/22/1991,8:58 PM,0.5082383862102089
118,Steven,Male,90335.26726342711,10.360060723514213,Finance,1/26/2005,3:03 PM,0.602604712646604
119,Andrea,Female,120204.0,9.557,Finance,1/26/2005,10:09 PM,0.8018518024388291
120,Marilyn,Male,41054.0,12.299,Marketing,1/26/2005,10:09 PM,0.2738613015983136
121,Peter,Male,84885.0,10.360060723514213,Business Development,11/17/1994,6:15 PM,0.5662472983429837
122,Kathleen,Female,90335.26726342711,18.74,Finance,1/26/2005,8:55 AM,0.602604712646604
123,Christina,Female,110169.0,13.892,Engineering,1/26/2005,10:09 PM,0.734910745257091
124,Helen,Female,73789.0,14.841,Product,11/29/2001,2:30 AM,0.4922285668543373
125,Marilyn,Female,76078.0,10.360060723514213,Product,11/16/1983,10:09 PM,0.5074979320649998
126,Patricia,Female,90335.26726342711,14.226,Finance,1/26/2005,6:46 AM,0.602604712646604
127,Michelle,Female,57325.0,17.179,Finance,3/30/1984,6:43 PM,0.3824012060730581
128,William,Male,66521.0,10.360060723514213,Human Resources,9/29/2002,10:09 PM,0.4437454972383061
129,Kenneth,Female,90335.26726342711,16.439,Finance,1/26/2005,9:16 PM,0.602604712646604
130,Antonio,Male,60866.0,13.101,Business Development,10/25/1988,10:09 PM,0.4060223603810337
131,Shirley,Female,41334.0,6.219,Human Resources,1/26/2005,1:15 PM,0.2757291138564987
132,Rebecca,Female,90335.26726342711,10.360060723514213,Product,1/26/2005,12:23 AM,0.602604712646604
133,Carlos,Male,146670.0,10.763,Finance,1/26/2005,7:02 AM,0.9784000853857032
134,Lois,Female,106317.0,17.24,Client Services,12/25/1987,10:09 PM,0.7092149851909171
135,Carolyn,Female,90335.26726342711,2.65,Finance,1/26/2005,5:38 AM,0.602604712646604
136,Gloria,Female,134148.0,10.360060723514213,Legal,6/29/2007,10:09 PM,0.8948688528964431
137,Henry,Male,43542.0,19.687,Legal,4/24/1995,10:09 PM,0.2904581476639005
139,Ashley,Female,112238.0,6.03,Engineering,1/26/2005,11:30 AM,0.7487125436934653
140,Marilyn,Female,90335.26726342711,10.360060723514213,Finance,1/26/2005,1:08 AM,0.602604712646604
141,Shirley,Female,113850.0,1.854,Finance,2/28/1981,10:09 PM,0.7594658056941591
142,Marilyn,Male,110194.0,14.727,Product,12/24/1990,8:57 PM,0.7350775142087147
143,Elizabeth,Female,146129.0,10.360060723514213,Finance,1/26/2005,5:53 PM,0.9747912052725672
144,Teresa,Female,90335.26726342711,8.689,Engineering,1/28/2016,10:09 PM,0.602604712646604
146,Jennifer,Female,90335.26726342711,10.360060723514213,Client Services,1/26/2005,10:47 PM,0.602604712646604
147,Patricia,Female,95322.0,4.15,Product,11/25/1992,2:24 AM,0.6358700002668303
148,Philip,Male,90335.26726342711,3.996,Legal,7/17/2008,1:30 PM,0.602604712646604
149,Patrick,Female,124488.0,10.360060723514213,Sales,1/26/2005,2:24 AM,0.8304293299890599
150,Marilyn,Female,86230.0,8.578,Distribution,8/17/2014,2:00 PM,0.5752194679403367
151,Sean,Male,90335.26726342711,19.934,Marketing,1/26/2005,10:09 PM,0.602604712646604
152,Brandon,Female,121333.0,15.295,Finance,1/26/2005,8:17 PM,0.8093830882941537
153,Ruth,Female,129297.0,10.360060723514213,Client Services,8/19/1999,4:03 AM,0.8625090055233877
154,Victor,Female,90335.26726342711,10.489,Finance,1/26/2005,8:40 PM,0.602604712646604
155,Rebecca,Female,85730.0,5.359,Finance,11/15/1980,10:09 PM,0.5718840889078635
156,Marie,Female,90335.26726342711,17.695,Business Development,1/26/2005,12:12 AM,0.602604712646604
157,Marilyn,Male,105062.0,1.563,Human Resources,4/27/1992,1:10 AM,0.7008431838194092
158,Marilyn,Female,79536.0,10.360060723514213,Product,7/27/2005,10:09 PM,0.5305654134535849
159,Norma,Female,114412.0,8.756,Finance,2/28/1999,8:45 PM,0.763214771726659
160,James,Female,68501.0,14.316,Marketing,1/26/2005,10:52 PM,0.4569535982069002
161,Kathy,Female,90335.26726342711,16.991,Finance,1/26/2005,7:26 PM,0.602604712646604
162,Marilyn,Female,103386.0,11.451,Finance,8/22/1999,10:09 PM,0.6896629933025589
163,Arthur,Male,89786.0,10.360060723514213,Legal,4/13/1998,11:28 AM,0.5989406836192865
164,Terry,Male,52226.0,19.135,Client Services,1/26/2005,9:15 PM,0.3483870106998959
165,Mary,Female,90335.26726342711,18.197,Finance,8/13/1999,1:03 AM,0.602604712646604
166,Marilyn,Female,59148.0,9.061,Legal,1/26/2005,10:09 PM,0.3945619980254556
167,Marilyn,Female,42341.0,10.360060723514213,Finance,1/26/2005,6:52 PM,0.2824465672278998
168,Christopher,Male,142178.0,17.984,Sales,12/24/2011,12:22 PM,0.9484350401579636
169,Peter,Female,38989.0,7.017,Marketing,1/26/2005,10:09 PM,0.2600861861941991
170,Michelle,Female,53754.0,5.455,Finance,1/26/2005,9:34 PM,0.3585799290231342
171,Irene,Female,90335.26726342711,10.360060723514213,Sales,1/29/1992,11:36 AM,0.602604712646604
172,Patrick,Male,143499.0,17.495,Finance,8/17/2007,10:09 PM,0.957247111561758
173,Marilyn,Female,97058.0,10.360060723514213,Finance,1/26/2005,6:17 PM,0.6474504362675775
174,Lillian,Female,85446.0,10.360060723514213,Engineering,12/21/2008,6:51 PM,0.5699895936174186
175,Marilyn,Female,90335.26726342711,6.185,Client Services,9/18/2007,6:59 PM,0.602604712646604
176,Willie,Male,146651.0,15.48,Finance,2/17/1998,10:09 PM,0.9782733409824692
177,Victor,Male,124486.0,10.166,Product,1/26/2005,1:02 PM,0.8304159884729301
178,Wayne,Male,102652.0,10.360060723514213,Distribution,1/26/2005,8:00 AM,0.6847666568828882
179,Jane,Female,90335.26726342711,17.648,Product,1/26/2005,2:01 AM,0.602604712646604
180,Jessica,Female,68759.0,19.343,Finance,10/23/1995,10:09 PM,0.4586746537876564
181,Mark,Male,57286.0,10.360060723514213,Business Development,1/26/2005,5:40 PM,0.3821410465085252
182,Randy,Male,58129.0,1.952,Distribution,11/14/1999,10:09 PM,0.3877644955572751
183,Lillian,Female,90335.26726342711,12.184,Finance,6/19/1999,4:44 PM,0.602604712646604
184,Ruth,Female,98233.0,2.518,Distribution,1/26/2005,5:56 AM,0.6552885769938895
185,Marilyn,Male,140810.0,10.360060723514213,Finance,12/18/2003,6:46 AM,0.9393094431251168
186,Sandra,Female,42090.0,8.842,Legal,1/19/1983,7:25 AM,0.2807722069535982
187,Marilyn,Female,90335.26726342711,1.825,Sales,1/26/2005,10:09 PM,0.602604712646604
188,Roger,Male,51430.0,10.360060723514213,Finance,11/19/2004,3:55 PM,0.3430770872801985
189,Charles,Male,71749.0,15.931,Finance,10/14/2000,9:40 PM,0.4786202204018465
190,Clarence,Male,85700.0,1.215,Finance,1/26/2005,3:16 AM,0.5716839661659151
192,Lois,Female,36946.0,6.652,Engineering,10/18/2013,4:51 PM,0.2464578274675134
193,Barbara,Female,99326.0,16.475,Legal,1/26/2005,10:09 PM,0.6625797155588761
194,Rebecca,Female,109259.0,10.360060723514213,Finance,2/18/1995,6:50 AM,0.7288403554179897
195,Irene,Female,131038.0,10.360060723514213,Finance,1/30/2004,8:25 PM,0.8741227953144596
196,Ronald,Male,90335.26726342711,12.757,Product,1/26/2005,2:19 PM,0.602604712646604
197,Steven,Male,90335.26726342711,19.127,Client Services,1/26/2005,10:09 PM,0.602604712646604
199,Maria,Female,36067.0,9.64,Finance,12/27/1990,10:09 PM,0.2405942311284254
200,Jonathan,Male,90335.26726342711,16.736,Finance,7/17/2009,8:15 AM,0.602604712646604
201,Gary,Male,89661.0,10.360060723514213,Finance,1/26/2005,12:04 AM,0.5981068388611682
202,Kimberly,Female,36643.0,10.360060723514213,Finance,7/15/1997,5:57 AM,0.2444365877738346
203,Roger,Male,90335.26726342711,5.084,Sales,1/26/2005,10:09 PM,0.602604712646604
205,Willie,Female,55281.0,10.360060723514213,Marketing,1/26/2005,9:45 AM,0.3687661765883075
207,Patricia,Female,90335.26726342711,8.399,Client Services,1/26/2005,4:01 AM,0.602604712646604
208,Katherine,Female,57531.0,1.767,Finance,11/14/1999,10:09 PM,0.3837753822344371
209,Jonathan,Male,141069.0,10.360060723514213,Human Resources,1/26/2005,2:59 AM,0.941037169463938
210,Emily,Female,89434.0,11.295,Engineering,9/20/2007,11:25 AM,0.5965925767804253
211,Ruth,Female,44639.0,9.148,Legal,1/26/2005,10:09 PM,0.2977759692611468
212,Linda,Female,90335.26726342711,10.360060723514213,Human Resources,6/24/2006,12:04 PM,0.602604712646604
213,Lisa,Female,115387.0,1.821,Finance,1/26/2005,9:42 AM,0.7697187608399818
214,Evelyn,Female,81673.0,15.364,Engineering,5/24/1980,10:09 PM,0.5448208234383756
216,Mary,Female,92544.0,10.360060723514213,Client Services,1/26/2005,11:41 PM,0.617338634362409
217,Matthew,Female,142373.0,2.462,Marketing,7/31/2013,10:09 PM,0.949735837980628
218,Douglas,Male,90335.26726342711,1.015,Finance,1/26/2005,4:00 PM,0.602604712646604
219,Gregory,Female,98865.0,10.628,Finance,6/15/1992,5:08 AM,0.6595044960909358
220,Billy,Male,120444.0,7.768,Finance,3/13/1995,10:09 PM,0.8034527843744164
221,Marilyn,Female,71945.0,10.360060723514213,Marketing,1/26/2005,12:49 PM,0.479927688982576
222,Gregory,Male,109564.0,3.845,Finance,1/29/2000,6:01 AM,0.7308749366277983
223,Jason,Female,90335.26726342711,3.067,Finance,10/17/1999,10:09 PM,0.602604712646604
224,Daniel,Male,106947.0,15.866,Legal,1/26/2005,10:09 PM,0.7134175627718334
225,Sarah,Female,90335.26726342711,10.360060723514213,Distribution,9/14/1995,7:50 AM,0.602604712646604
226,Harry,Male,64579.0,15.266,Finance,1/26/2005,10:09 PM,0.4307908850761801
227,Kathy,Female,50905.0,9.404,Finance,4/19/1995,12:46 AM,0.3395749392961016
228,Todd,Male,90335.26726342711,10.360060723514213,Client Services,1/26/2005,10:31 AM,0.602604712646604
229,Bobby,Male,51685.0,17.445,Engineering,9/23/1994,10:09 PM,0.3447781305867599
230,Jeremy,Male,49542.0,1.679,Distribution,1/26/2005,12:15 AM,0.3304826960535795
231,George,Female,38375.0,10.360060723514213,Finance,2/24/1988,11:29 AM,0.2559903407423219
232,Diane,Female,64084.0,17.018,Product,4/18/1993,3:22 AM,0.4274888598340315
233,Marilyn,Female,90335.26726342711,10.263,Human Resources,1/26/2005,10:09 PM,0.602604712646604
234,Kathryn,Female,73935.0,14.752,Sales,1/26/2005,1:47 PM,0.4932024975318195
235,Marilyn,Female,40837.0,12.182,Finance,1/26/2005,10:09 PM,0.2724137470982202
236,Norma,Female,94393.0,10.360060723514213,Engineering,1/26/2005,11:44 PM,0.629672866024495
237,Laura,Female,42087.0,2.624,Product,1/26/2005,1:57 PM,0.2807521946794034
238,Cheryl,Female,90335.26726342711,9.375,Legal,9/23/2008,10:09 PM,0.602604712646604
239,Kevin,Male,35061.0,5.128,Finance,3/25/1982,7:31 AM,0.2338834485150892
240,Lillian,Female,64164.0,17.612,Human Resources,3/25/1983,3:43 PM,0.4280225204792273
241,Phyllis,Female,94088.0,10.360060723514213,Distribution,1/26/2005,10:09 PM,0.6276382848146863
242,Walter,Male,127813.0,5.961,Finance,3/25/1985,11:54 PM,0.8526096005550071
243,Robert,Male,90335.26726342711,18.428,Engineering,1/26/2005,7:15 PM,0.602604712646604
244,Marilyn,Male,126310.0,5.413,Finance,3/25/1987,10:09 PM,0.8425834511833925
245,Clarence,Male,142561.0,10.360060723514213,Client Services,1/26/2005,12:53 PM,0.950989940496838
246,Victor,Male,70817.0,17.138,Engineering,1/26/2005,7:44 AM,0.4724030738853163
247,Fred,Female,90335.26726342711,12.045,Human Resources,1/26/2005,2:03 PM,0.602604712646604
248,Brenda,Female,106115.0,3.742,Product,7/27/2010,11:07 PM,0.7078674920617979
249,Justin,Male,82782.0,10.360060723514213,Finance,1/26/2005,5:58 PM,0.5522186941324012
250,Betty,Female,104896.0,19.55,Business Development,1/26/2005,3:59 AM,0.6997358379806281
251,Randy,Female,133943.0,8.94,Sales,1/26/2005,10:09 PM,0.8935013474931291
252,Sharon,Female,90335.26726342711,6.513,Finance,1/26/2005,3:46 AM,0.602604712646604
253,Ralph,Male,71896.0,10.360060723514213,Marketing,1/26/2005,1:35 AM,0.4796008218373936
254,Marilyn,Female,90335.26726342711,10.391,Sales,4/28/2003,10:09 PM,0.602604712646604
255,Edward,Male,110485.0,7.995,Client Services,5/27/1985,10:13 PM,0.7370187048056142
256,Denise,Female,115118.0,10.360060723514213,Human Resources,3/20/2009,10:09 PM,0.7679243269205113
257,Debra,Female,48696.0,4.75,Finance,1/26/2005,11:16 PM,0.3248392347306348
258,Marilyn,Male,42676.0,15.517,Sales,11/25/1999,6:16 AM,0.2846812711796568
259,Michael,Male,43586.0,12.659,Finance,1/24/2002,3:04 AM,0.2907516610187581
260,Henry,Male,89258.0,15.585,Human Resources,1/26/2005,8:34 AM,0.5954185233609948
261,Gloria,Female,90730.0,10.360060723514213,Finance,3/27/2007,10:09 PM,0.605237879232596
262,Marie,Female,100308.0,10.360060723514213,Product,1/26/2005,10:09 PM,0.6691303999786535
263,Anne,Female,69134.0,3.723,Engineering,7/16/1986,2:08 PM,0.4611761880620114
264,Sarah,Female,90335.26726342711,10.360060723514213,Finance,1/26/2005,1:08 PM,0.602604712646604
265,Stephanie,Female,50141.0,13.218,Human Resources,3/24/1983,10:09 PM,0.3344784801344825
266,Roy,Male,101941.0,3.45,Client Services,9/23/2004,1:31 PM,0.6800237478987112
267,Marilyn,Female,115145.0,14.063,Finance,1/26/2005,8:14 AM,0.7681044373882648
268,Marilyn,Male,90335.26726342711,16.044,Distribution,1/26/2005,10:09 PM,0.602604712646604
269,Irene,Female,56526.0,10.360060723514213,Finance,1/26/2005,8:26 AM,0.3770712703791659
270,Marilyn,Female,145316.0,18.517,Human Resources,1/26/2005,8:35 PM,0.9693678789657656
271,Thomas,Male,103235.0,10.360060723514213,Finance,1/26/2005,1:04 PM,0.688655708834752
272,Frank,Female,90335.26726342711,12.062,Marketing,11/20/2001,10:18 AM,0.602604712646604
273,Fred,Male,74129.0,18.225,Product,2/20/1980,10:09 PM,0.4944966245964191
275,Howard,Male,97490.0,5.46,Finance,1/26/2005,7:22 AM,0.6503322037516344
276,Debra,Female,90335.26726342711,18.456,Business Development,2/22/1994,10:25 PM,0.602604712646604
277,Christine,Female,94345.0,10.360060723514213,Finance,1/26/2005,10:09 PM,0.6293526696373776
279,Betty,Female,90335.26726342711,10.360060723514213,Finance,6/28/2005,6:03 PM,0.602604712646604
280,Ruby,Female,105946.0,1.139,Business Development,1/26/2005,10:09 PM,0.706740133948822
281,Kevin,Male,46080.0,10.360060723514213,Business Development,1/26/2005,2:07 AM,0.3073885316327347
282,Arthur,Male,90335.26726342711,6.147,Finance,1/26/2005,7:46 PM,0.602604712646604
283,Carl,Female,125104.0,12.345,Client Services,1/26/2005,10:09 PM,0.834538516957067
284,Todd,Male,107281.0,1.612,Engineering,1/26/2005,3:43 AM,0.7156455959655256
285,Brenda,Female,141521.0,4.337,Client Services,1/26/2005,9:33 PM,0.9440523521092936
286,Judy,Female,90335.26726342711,10.360060723514213,Finance,9/16/1997,12:10 AM,0.602604712646604
287,Todd,Male,69989.0,10.985,Finance,1/26/2005,10:09 PM,0.4668796862075406
288,Marilyn,Female,147183.0,9.999,Client Services,1/26/2005,7:06 AM,0.9818221842730208
289,Walter,Female,66757.0,18.099,Distribution,12/21/1999,10:33 PM,0.4453197961416335
290,Jessica,Female,90335.26726342711,10.360060723514213,Legal,1/26/2005,10:09 PM,0.602604712646604
291,Marilyn,Male,129460.0,13.657,Finance,6/14/1988,6:20 PM,0.863596339087974
292,Tammy,Female,132839.0,17.463,Client Services,1/26/2005,10:30 AM,0.8861368305894282
293,Anne,Female,44537.0,18.284,Client Services,1/26/2005,10:09 PM,0.2970955519385223
294,Marilyn,Male,118733.0,10.360060723514213,Finance,10/25/1999,3:35 PM,0.7920391173252929
295,Virginia,Female,90335.26726342711,19.154,Distribution,10/20/1999,6:23 AM,0.602604712646604
296,Jesse,Male,79582.0,3.873,Legal,1/26/2005,10:09 PM,0.5308722683245723
297,Jeremy,Female,55394.0,3.18,Sales,1/26/2005,1:49 PM,0.3695199722496464
298,Daniel,Male,123811.0,10.360060723514213,Human Resources,9/15/2007,10:16 PM,0.8259132267790912
299,Patrick,Female,137314.0,4.542,Finance,1/26/2005,11:43 AM,0.9159884729300638
300,Emily,Female,90335.26726342711,19.028,Human Resources,1/13/1988,10:09 PM,0.602604712646604
301,Alan,Male,90335.26726342711,3.592,Engineering,6/26/1988,3:54 AM,0.602604712646604
302,James,Male,72257.0,13.023,Engineering,1/26/2005,8:52 PM,0.4820089654988393
303,Adam,Male,90335.26726342711,10.360060723514213,Finance,1/26/2005,11:59 AM,0.602604712646604
304,Joan,Female,38712.0,3.657,Client Services,7/25/1980,10:09 PM,0.2582383862102089
305,Jeremy,Male,46930.0,18.702,Finance,1/26/2005,12:05 AM,0.3130586759879393
306,Margaret,Female,125220.0,10.360060723514213,Marketing,1/26/2005,1:05 PM,0.8353123248926008
307,Mark,Male,121477.0,17.44,Business Development,1/26/2005,1:21 PM,0.8103436774555061
308,Marilyn,Female,86386.0,10.360060723514213,Finance,9/26/1981,2:23 AM,0.5762601061984683
309,Cheryl,Female,81308.0,2.196,Legal,1/26/2005,10:16 AM,0.54238599674467
310,Benjamin,Male,84810.0,15.794,Marketing,1/26/2005,10:09 PM,0.5657469914881127
311,Marilyn,Male,90335.26726342711,10.360060723514213,Legal,2/20/1990,11:00 PM,0.602604712646604
312,Ernest,Female,72145.0,13.448,Finance,1/26/2005,1:51 AM,0.4812618405955652
313,Gerald,Male,121604.0,1.923,Sales,4/16/2001,10:09 PM,0.8111908637297542
314,Judy,Female,90335.26726342711,13.457,Finance,1/26/2005,10:09 PM,0.602604712646604
315,Bobby,Male,112117.0,10.360060723514213,Finance,3/31/1996,5:40 PM,0.7479053819676068
316,Bobby,Female,108127.0,15.858,Client Services,1/26/2005,2:09 PM,0.7212890572884703
317,Marie,Female,123711.0,10.966,Product,1/26/2005,8:05 PM,0.8252461509725966
318,Kathy,Female,132381.0,10.360060723514213,Finance,12/18/2013,10:09 PM,0.8830816233956826
319,Roy,Female,148225.0,1.841,Finance,1/26/2005,7:52 AM,0.988773114176695
320,Jacqueline,Female,90335.26726342711,18.243,Marketing,11/25/1981,3:01 PM,0.602604712646604
321,Marilyn,Female,62960.0,14.356,Sales,1/26/2005,11:40 PM,0.4199909277690317
322,Julie,Female,56926.0,10.360060723514213,Sales,3/23/1986,10:09 PM,0.3797395736051445
323,Marilyn,Male,41428.0,14.372,Product,1/26/2005,6:42 PM,0.2763561651146036
324,Linda,Female,90335.26726342711,3.041,Sales,12/16/1990,2:20 AM,0.602604712646604
325,Ruby,Female,76707.0,6.031,Finance,1/26/2005,10:09 PM,0.5116938388878512
326,Russell,Male,60388.0,17.885,Client Services,1/26/2005,1:48 AM,0.4028337380259892
327,Jeffrey,Male,45150.0,12.075,Product,6/18/1997,8:01 PM,0.3011847266323345
328,Aaron,Male,58755.0,5.097,Marketing,1/29/1994,6:48 PM,0.3919403901059316
329,Samuel,Female,90335.26726342711,5.319,Finance,1/26/2005,2:54 AM,0.602604712646604
330,Marilyn,Male,87760.0,10.360060723514213,Finance,1/27/2010,10:09 PM,0.5854257277797049
331,Randy,Male,135119.0,7.887,Client Services,3/16/2014,6:24 PM,0.9013461589775064
332,Evelyn,Female,36759.0,17.269,Marketing,1/26/2005,1:58 PM,0.2452103957093684
333,Fred,Male,90335.26726342711,18.645,Finance,2/13/1987,10:09 PM,0.602604712646604
334,Shirley,Female,110061.0,10.360060723514213,Client Services,1/26/2005,2:25 AM,0.7341903033860768
335,Todd,Female,85074.0,1.844,Client Services,5/23/2011,4:14 PM,0.5675080716172586
336,Robert,Male,90335.26726342711,19.93,Finance,11/18/2014,5:00 AM,0.602604712646604
337,Mark,Male,75150.0,12.182,Legal,1/26/2005,10:09 PM,0.5013074685807295
338,Earl,Female,91344.0,10.360060723514213,Sales,1/26/2005,5:46 PM,0.6093337246844731
339,Richard,Male,90335.26726342711,10.717,Product,1/26/2005,1:41 AM,0.602604712646604
340,Michael,Male,98753.0,16.443,Finance,11/22/1991,10:09 PM,0.6587573711876618
341,Steven,Female,113060.0,10.360060723514213,Sales,1/26/2005,10:09 PM,0.7541959068228513
342,Carlos,Male,77327.0,11.58,Finance,9/19/2007,1:01 AM,0.5158297088881181
343,Marie,Female,62666.0,10.247,Product,1/26/2005,10:09 PM,0.4180297248979374
344,Ronald,Male,96633.0,4.99,Engineering,2/24/2009,2:09 PM,0.6446153640899752
345,Scott,Female,58248.0,10.360060723514213,Finance,1/26/2005,4:36 AM,0.3885583157670038
346,Steven,Male,83706.0,6.96,Human Resources,11/21/2006,8:30 AM,0.5583824745844118
347,James,Male,90335.26726342711,5.778,Human Resources,11/22/1998,10:09 PM,0.602604712646604
348,Lori,Female,90335.26726342711,10.360060723514213,Sales,3/31/1988,10:59 PM,0.602604712646604
349,Philip,Female,129968.0,19.897,Finance,1/26/2005,11:21 AM,0.8669850841849668
350,Phyllis,Female,140347.0,8.723,Sales,11/24/2005,11:57 PM,0.9362208821410464
351,Marilyn,Female,90335.26726342711,3.95,Sales,8/31/1995,8:31 PM,0.602604712646604
352,Cynthia,Female,74287.0,10.360060723514213,Sales,1/26/2005,11:03 PM,0.4955506043706806
353,Marilyn,Male,69906.0,4.844,Finance,1/26/2005,10:09 PM,0.46632601328815
354,Marilyn,Male,65078.0,3.095,Marketing,4/22/1997,9:36 PM,0.4341195933505883
355,Elizabeth,Female,90335.26726342711,1.782,Legal,1/26/2005,4:56 AM,0.602604712646604
356,Andrea,Female,115913.0,10.360060723514213,Legal,9/14/2003,10:30 PM,0.7732275795821437
357,Judy,Female,38092.0,5.668,Distribution,1/26/2005,10:09 PM,0.2541025162099421
358,Russell,Male,121160.0,7.843,Finance,8/13/2014,3:51 PM,0.808229047148918
359,Scott,Male,90335.26726342711,10.360060723514213,Product,12/17/2011,3:45 AM,0.602604712646604
360,Sarah,Female,64207.0,7.824,Finance,1/26/2005,7:06 AM,0.4283093630760199
361,Susan,Female,80688.0,18.892,Finance,9/25/2004,1:30 AM,0.5382501267444032
362,Margaret,Female,90335.26726342711,10.360060723514213,Sales,1/26/2005,6:01 AM,0.602604712646604
363,Marilyn,Male,72893.0,9.555,Finance,1/26/2005,6:32 AM,0.4862515676281452
364,Justin,Female,96978.0,13.865,Finance,4/15/2005,10:09 PM,0.6469167756223817
365,Juan,Male,97364.0,3.595,Product,4/16/2002,11:09 PM,0.6494916882354511
366,Gloria,Female,140885.0,1.113,Human Resources,1/26/2005,1:57 AM,0.9398097499799876
367,Jennifer,Female,90335.26726342711,16.231,Client Services,1/24/1989,8:38 PM,0.602604712646604
368,Edward,Male,66067.0,10.957,Finance,1/26/2005,10:09 PM,0.4407169730768204
369,Marilyn,Female,147183.0,8.748,Business Development,12/17/1982,12:10 PM,0.9818221842730208
370,Mary,Female,90335.26726342711,12.484,Product,10/18/2009,6:32 PM,0.602604712646604
371,Linda,Female,144001.0,2.194,Business Development,1/26/2005,10:12 PM,0.960595832110361
372,Larry,Female,91133.0,10.360060723514213,Sales,8/27/2003,10:09 PM,0.6079261947327694
373,Albert,Male,67827.0,19.717,Engineering,1/26/2005,4:20 PM,0.4524575072711262
375,Marilyn,Female,81444.0,10.360060723514213,Finance,12/31/2006,11:02 PM,0.5432932198415028
376,Marilyn,Female,90335.26726342711,4.805,Sales,1/26/2005,10:09 PM,0.602604712646604
377,Brandon,Male,112548.0,4.664,Engineering,10/16/2015,2:44 AM,0.7507804786935988
378,Stephen,Male,111249.0,10.360060723514213,Human Resources,1/26/2005,12:47 PM,0.7421151639672332
379,Russell,Male,114334.0,9.669,Product,10/30/1994,5:46 AM,0.7626944525975932
380,Marilyn,Female,90335.26726342711,4.537,Finance,1/26/2005,10:09 PM,0.602604712646604
381,Pamela,Female,72979.0,5.66,Sales,7/15/2001,1:33 PM,0.4868252528217306
382,Scott,Male,64172.0,10.894,Engineering,1/26/2005,1:50 AM,0.4280758865437468
383,Marilyn,Female,107024.0,10.360060723514213,Finance,4/18/1996,10:09 PM,0.7139312111428343
384,Carlos,Male,50167.0,2.362,Product,7/28/2010,3:08 PM,0.3346519198441711
385,Jack,Male,90335.26726342711,15.723,Product,12/24/1980,10:58 PM,0.602604712646604
386,Debra,Female,70492.0,8.895,Client Services,1/26/2005,8:48 AM,0.4702350775142087
387,Phyllis,Female,90335.26726342711,10.360060723514213,Finance,1/15/1995,10:09 PM,0.602604712646604
388,Robert,Male,123294.0,19.894,Client Services,10/29/1994,4:26 AM,0.8224644448595139
389,Gloria,Female,131045.0,11.312,Product,9/19/1989,7:40 PM,0.8741694906209142
390,Sharon,Female,97635.0,10.360060723514213,Finance,1/26/2005,10:09 PM,0.6512994636710516
391,Barbara,Female,90335.26726342711,13.443,Sales,4/26/2001,12:22 AM,0.602604712646604
392,Marilyn,Female,140502.0,9.989,Sales,8/15/1989,9:14 AM,0.9372548496411132
393,Ralph,Male,106310.0,4.03,Client Services,10/27/2010,10:28 AM,0.7091682898844625
394,Harry,Female,46240.0,6.976,Engineering,1/26/2005,5:45 AM,0.3084558529231261
395,Robin,Female,111163.0,5.025,Finance,1/26/2005,2:12 AM,0.7415414787736478
396,Marilyn,Female,93753.0,7.094,Sales,11/25/2001,9:55 PM,0.6254035808629292
397,Rose,Female,63494.0,10.360060723514213,Human Resources,1/26/2005,3:57 PM,0.4235531125757131
398,Clarence,Male,90335.26726342711,13.835,Distribution,1/26/2005,10:09 PM,0.602604712646604
399,Doris,Female,85215.0,7.425,Finance,7/29/1992,6:40 PM,0.568448648504416
400,Kathryn,Female,86439.0,7.799,Finance,1/26/2005,9:29 AM,0.5766136563759106
401,Billy,Female,62913.0,18.241,Marketing,3/16/2004,8:21 AM,0.4196774021399791
402,Norma,Female,38872.0,9.302,Finance,4/16/1996,5:40 AM,0.2593057075006004
403,Richard,Female,90335.26726342711,14.272,Engineering,11/28/1992,10:09 PM,0.602604712646604
404,Craig,Male,113506.0,10.360060723514213,Marketing,1/26/2005,4:45 AM,0.7571710649198174
405,Sarah,Female,109980.0,8.86,Finance,7/20/1990,10:49 PM,0.7336499719828161
406,Sharon,Female,91522.0,7.564,Finance,1/26/2005,4:39 PM,0.6105211196200336
407,Mary,Female,42214.0,10.360060723514213,Business Development,8/22/2010,8:03 AM,0.2815993809536515
408,Marilyn,Female,83159.0,9.55,Finance,2/23/2002,3:55 AM,0.554733569922886
409,Joe,Male,90335.26726342711,1.62,Client Services,1/26/2005,10:09 PM,0.602604712646604
410,Jeremy,Male,47885.0,19.276,Human Resources,5/29/1994,6:24 AM,0.3194292499399632
411,Marilyn,Male,126232.0,10.360060723514213,Sales,8/14/2012,11:25 AM,0.8420631320543267
412,Kevin,Male,134598.0,11.699,Finance,6/23/1981,8:26 PM,0.8978706940256691
413,Jacqueline,Female,66604.0,14.609,Legal,1/26/2005,2:01 AM,0.4442991701576967
414,Johnny,Male,90335.26726342711,10.360060723514213,Marketing,9/14/1992,8:21 AM,0.602604712646604
415,Gary,Male,49101.0,11.9,Finance,1/26/2005,10:09 PM,0.3275408917469381
416,Shirley,Female,67811.0,12.699,Finance,11/16/1990,6:01 PM,0.4523507751420871
417,Marilyn,Male,90335.26726342711,5.966,Distribution,6/29/2008,5:23 AM,0.602604712646604
418,Sarah,Female,37748.0,9.047,Human Resources,1/26/2005,2:51 PM,0.2518077754356005
419,Julia,Female,90335.26726342711,2.664,Finance,1/26/2005,10:09 PM,0.602604712646604
420,Dorothy,Female,140136.0,10.360060723514213,Business Development,1/26/2005,10:50 PM,0.9348133521893428
421,Justin,Male,121508.0,19.334,Finance,5/22/1986,6:30 AM,0.8105504709555194
422,Kevin,Male,79906.0,18.021,Sales,11/20/1986,6:59 PM,0.5330335939376151
423,Victor,Male,123144.0,10.360060723514213,Finance,1/26/2005,10:09 PM,0.8214638311497718
424,Deborah,Female,90335.26726342711,17.436,Client Services,11/25/1980,4:33 AM,0.602604712646604
425,Matthew,Female,79443.0,10.360060723514213,Finance,1/26/2005,7:35 AM,0.5299450329535449
426,Alice,Female,51395.0,2.378,Finance,1/26/2005,10:09 PM,0.3428436107479254
427,Todd,Female,134408.0,3.56,Human Resources,3/16/2016,2:45 PM,0.8966032499933292
428,Frank,Male,90335.26726342711,8.037,Sales,1/26/2005,10:09 PM,0.602604712646604
429,Marilyn,Male,68028.0,10.360060723514213,Finance,5/13/1999,10:48 AM,0.4537983296421805
430,Rose,Female,90335.26726342711,5.63,Human Resources,5/28/2015,8:40 AM,0.602604712646604
431,Andrea,Female,79123.0,19.422,Distribution,1/26/2005,10:09 PM,0.527810390372762
432,Charles,Male,104014.0,10.360060723514213,Legal,12/16/1999,8:28 PM,0.6938522293673453
433,Jessica,Female,121160.0,12.993,Client Services,1/26/2005,8:45 PM,0.808229047148918
434,Wanda,Female,65362.0,7.132,Finance,7/20/2008,1:44 PM,0.4360140886410332
435,Joyce,Female,90335.26726342711,14.227,Finance,1/26/2005,7:38 AM,0.602604712646604
436,Billy,Female,144709.0,10.360060723514213,Distribution,1/26/2005,3:32 PM,0.9653187288203432
437,Kathryn,Female,53061.0,11.864,Finance,8/29/2007,10:09 PM,0.3539570936841262
438,Denise,Female,36697.0,11.196,Finance,1/26/2005,12:02 AM,0.2447968087093417
439,Jason,Male,69244.0,10.360060723514213,Finance,11/20/1998,2:54 PM,0.4619099714491554
440,Nicholas,Female,101036.0,2.826,Human Resources,1/26/2005,9:26 PM,0.6739867118499346
441,Aaron,Male,90335.26726342711,11.343,Client Services,7/22/1990,2:53 PM,0.602604712646604
442,Louise,Female,46666.0,1.886,Business Development,5/13/2003,9:47 AM,0.3112975958587934
443,Julie,Female,73437.0,10.360060723514213,Finance,1/26/2005,10:09 PM,0.4898804600154761
444,Kathy,Female,86318.0,18.492,Sales,1/26/2005,6:19 PM,0.5758064946500521
445,Marilyn,Male,76409.0,7.008,Distribution,1/26/2005,9:17 PM,0.5097059529844972
446,Marilyn,Male,90335.26726342711,1.496,Finance,1/26/2005,1:57 AM,0.602604712646604
447,Cheryl,Female,67150.0,10.360060723514213,Marketing,8/16/1994,8:33 AM,0.4479414040611575
448,Gregory,Male,90335.26726342711,11.204,Engineering,5/15/2009,10:09 PM,0.602604712646604
449,Wayne,Male,81183.0,17.066,Finance,1/26/2005,3:01 PM,0.5415521519865517
450,Beverly,Female,107163.0,10.360060723514213,Human Resources,11/30/2005,2:57 AM,0.7148584465138619
451,Willie,Male,90335.26726342711,19.691,Legal,1/26/2005,1:03 PM,0.602604712646604
452,Terry,Female,90335.26726342711,10.360060723514213,Finance,7/15/2016,12:29 AM,0.602604712646604
453,Scott,Male,146812.0,1.965,Marketing,11/17/2012,10:09 PM,0.9793473330309256
454,Annie,Female,40119.0,4.338,Human Resources,12/19/1994,6:19 AM,0.2676241428075886
455,Marilyn,Male,90335.26726342711,10.429,Finance,1/26/2005,10:09 PM,0.602604712646604
456,Ruth,Female,69579.0,18.029,Human Resources,10/24/2000,4:13 AM,0.4641446754009125
457,Deborah,Female,101457.0,10.360060723514213,Finance,1/26/2005,10:09 PM,0.6767951009952771
458,Patricia,Female,121232.0,16.624,Legal,1/26/2005,4:16 AM,0.8087093417295942
459,Albert,Male,102626.0,15.843,Finance,9/30/2007,5:34 PM,0.6845932171731995
460,Charles,Female,137171.0,5.574,Marketing,1/26/2005,1:00 PM,0.9150345545267764
461,Tina,Female,88276.0,10.360060723514213,Legal,1/17/2005,9:11 AM,0.5888678389412173
462,Jeremy,Male,90335.26726342711,13.946,Finance,1/26/2005,3:56 AM,0.602604712646604
463,Craig,Male,125556.0,7.996,Engineering,4/14/1996,10:09 PM,0.8375536996024229
464,Jose,Male,59862.0,3.269,Product,1/26/2005,9:15 AM,0.3993249192838274
465,Lawrence,Male,74640.0,18.641,Marketing,5/13/2005,1:25 AM,0.4979053819676068
466,Helen,Female,90335.26726342711,4.188,Finance,10/31/1997,10:09 PM,0.602604712646604
467,Marilyn,Male,58789.0,5.461,Sales,1/26/2005,1:59 PM,0.3921671958801398
468,Amy,Female,122897.0,8.222,Engineering,6/19/2002,3:06 AM,0.8198161539077301
469,Janice,Female,90335.26726342711,10.360060723514213,Marketing,6/28/1997,1:48 PM,0.602604712646604
470,Stephen,Male,141958.0,9.078,Legal,1/26/2005,10:09 PM,0.9469674733836754
471,Ryan,Male,139917.0,11.466,Distribution,7/20/1993,10:18 PM,0.9333524561731196
472,Sharon,Female,147635.0,14.693,Human Resources,1/26/2005,6:32 AM,0.9848373669183766
473,Joshua,Male,68230.0,8.047,Finance,1/26/2005,7:22 PM,0.4551458227712997
474,Clarence,Male,90335.26726342711,8.457,Business Development,8/20/1992,8:23 PM,0.602604712646604
475,Jonathan,Male,90335.26726342711,11.364,Engineering,1/26/2005,10:09 PM,0.602604712646604
476,Stephanie,Female,122121.0,7.937,Finance,11/26/1992,12:54 AM,0.8146396456493316
477,Kathy,Female,143541.0,10.360060723514213,Human Resources,1/26/2005,10:09 PM,0.9575272834004857
478,Albert,Male,90335.26726342711,9.705,Business Development,8/14/2008,5:43 PM,0.602604712646604
479,Michael,Male,73354.0,18.357,Business Development,5/22/2011,10:42 AM,0.4893267870960856
480,Richard,Male,47647.0,10.360060723514213,Finance,1/26/2005,10:09 PM,0.3178416095205059
481,Amy,Female,106249.0,15.967,Sales,3/30/2008,10:54 PM,0.7087613736425007
482,Marilyn,Female,93847.0,1.085,Business Development,4/27/2013,6:40 AM,0.6260306321210343
483,Beverly,Female,90335.26726342711,10.360060723514213,Product,1/26/2005,5:49 AM,0.602604712646604
484,Marilyn,Female,115436.0,3.099,Finance,4/26/1992,10:09 PM,0.7700456279851642
485,Joe,Male,50645.0,11.119,Marketing,4/14/2000,3:14 PM,0.3378405421992155
486,Ashley,Female,142415.0,10.360060723514213,Finance,8/15/1997,9:48 PM,0.950016009819356
487,Howard,Male,90335.26726342711,2.021,Distribution,1/26/2005,10:09 PM,0.602604712646604
488,Cheryl,Female,71751.0,15.918,Business Development,1/26/2005,9:27 AM,0.4786335619179763
489,Robert,Male,90335.26726342711,10.360060723514213,Legal,1/26/2005,10:09 PM,0.602604712646604
490,Sharon,Female,46007.0,19.731,Finance,1/26/2005,9:50 AM,0.3069015662939936
491,Judith,Female,117055.0,7.461,Marketing,11/23/2007,10:09 PM,0.7808455852923126
492,Nicholas,Female,90335.26726342711,10.360060723514213,Finance,1/26/2005,7:12 PM,0.602604712646604
493,Jerry,Male,121357.0,18.845,Business Development,1/30/1995,7:51 PM,0.8095431864877125
494,Craig,Male,44857.0,10.360060723514213,Finance,1/26/2005,11:31 PM,0.2992301945193051
495,Barbara,Female,47322.0,7.25,Sales,3/21/2002,8:02 AM,0.3156736131493983
496,Eugene,Male,81077.0,10.360060723514213,Sales,1/26/2005,10:09 PM,0.5408450516316674
497,Johnny,Male,76394.0,5.437,Marketing,1/26/2005,7:39 PM,0.509605891613523
498,Benjamin,Male,90335.26726342711,7.123,Finance,1/26/2005,3:28 PM,0.602604712646604
499,Diana,Female,41831.0,10.360060723514213,Business Development,6/13/1994,4:21 PM,0.279044480614777
500,Barbara,Female,90187.0,14.764,Finance,1/26/2005,10:09 PM,0.60161565760333
501,Christine,Female,90335.26726342711,10.360060723514213,Legal,1/26/2005,1:11 PM,0.602604712646604
502,Sean,Male,42748.0,9.765,Distribution,1/26/2005,7:07 PM,0.285161565760333
503,Sarah,Female,37259.0,1.763,Client Services,1/26/2005,10:09 PM,0.2485457747418416
504,Roger,Female,125033.0,4.887,Marketing,1/26/2005,10:09 PM,0.8340648931344558
505,Marilyn,Female,38275.0,10.360060723514213,Distribution,6/24/2014,10:05 AM,0.2553232649358273
506,Marilyn,Male,71520.0,13.248,Finance,1/26/2005,1:17 PM,0.4770926168049737
507,Donald,Female,90335.26726342711,6.499,Client Services,7/14/1995,10:09 PM,0.602604712646604
508,Clarence,Male,103684.0,10.360060723514213,Engineering,1/26/2005,12:11 AM,0.691650879205913
509,Scott,Male,96111.0,15.592,Human Resources,11/23/1996,7:36 PM,0.6411332283800731
510,Ann,Female,90719.0,6.22,Finance,1/26/2005,12:17 PM,0.6051645008938816
511,Frank,Male,90335.26726342711,17.07,Legal,4/27/2003,10:09 PM,0.602604712646604
512,Joe,Male,62161.0,8.13,Business Development,1/26/2005,7:32 AM,0.4146609920751394
513,Wanda,Female,78883.0,19.695,Finance,1/26/2005,3:11 AM,0.5262094084371748
514,Jimmy,Male,63549.0,10.360060723514213,Finance,11/19/2013,10:09 PM,0.4239200042692851
515,Amy,Female,63888.0,18.115,Product,12/25/1984,10:52 AM,0.426181391253302
516,Larry,Male,97370.0,10.458,Sales,1/26/2005,10:09 PM,0.6495317127838408
517,Gloria,Female,66224.0,10.360060723514213,Legal,1/26/2005,8:26 PM,0.441764282093017
518,Ruth,Female,97915.0,3.997,Human Resources,1/26/2005,10:07 AM,0.6531672759292366
519,Diana,Female,90335.26726342711,18.003,Product,1/19/1995,12:37 AM,0.602604712646604
520,Raymond,Male,37812.0,10.360060723514213,Human Resources,2/16/2009,10:38 PM,0.252234703951757
521,Peter,Male,56580.0,8.411,Finance,1/26/2005,9:09 AM,0.377431491314673
522,Marilyn,Female,83895.0,17.971,Engineering,9/25/1981,9:59 AM,0.5596432478586867
523,Catherine,Female,90335.26726342711,10.360060723514213,Distribution,8/31/2013,7:24 PM,0.602604712646604
524,Diane,Female,124889.0,15.026,Sales,1/26/2005,4:56 PM,0.8331043039731035
525,Peter,Female,118840.0,14.509,Finance,10/13/2014,10:09 PM,0.7927528884382421
526,Steve,Male,67780.0,10.360060723514213,Human Resources,8/22/1995,6:58 AM,0.4521439816420738
527,Barbara,Female,144677.0,8.696,Finance,3/22/2004,8:11 AM,0.9651052645622648
528,Helen,Female,90335.26726342711,1.022,Product,1/26/2005,1:42 PM,0.602604712646604
529,Jimmy,Female,86676.0,10.360060723514213,Finance,1/26/2005,2:48 AM,0.5781946260373029
530,Christopher,Male,82401.0,7.252,Client Services,4/23/2014,7:52 AM,0.5496771353096566
531,Kathleen,Female,35575.0,14.595,Distribution,6/13/2014,9:16 AM,0.2373122181604717
532,Virginia,Female,90335.26726342711,10.154,Marketing,1/26/2005,10:09 PM,0.602604712646604
533,Lisa,Female,38078.0,10.360060723514213,Product,2/26/2005,6:33 PM,0.2540091255970328
534,Earl,Male,52620.0,13.773,Finance,1/26/2005,9:03 PM,0.3510152893774849
535,Gerald,Female,133366.0,12.292,Legal,1/26/2005,10:09 PM,0.889652320089655
536,Louise,Female,90335.26726342711,10.360060723514213,Finance,9/18/1981,5:47 AM,0.602604712646604
537,Clarence,Male,146589.0,4.905,Business Development,8/26/1982,9:47 AM,0.9778597539824424
538,Marilyn,Female,51633.0,13.472,Business Development,1/26/2005,1:08 PM,0.3444312511673826
539,Adam,Male,45181.0,3.491,Human Resources,9/14/1992,10:09 PM,0.3013915201323478
540,Justin,Male,90335.26726342711,3.459,Finance,1/26/2005,10:30 AM,0.602604712646604
541,Marilyn,Female,84746.0,10.360060723514213,Finance,9/14/1994,3:30 AM,0.5653200629719561
542,Ruby,Female,147362.0,7.851,Engineering,1/26/2005,3:36 AM,0.9830162499666462
543,Amanda,Female,90335.26726342711,14.077,Distribution,9/14/1996,10:09 PM,0.602604712646604
544,Anna,Female,117293.0,2.366,Finance,1/26/2005,2:34 PM,0.7824332257117699
545,Roger,Male,90335.26726342711,13.32,Marketing,1/26/2005,5:11 PM,0.602604712646604
546,Julie,Female,93302.0,9.048,Product,1/26/2005,10:09 PM,0.6223950689756383
547,Joseph,Male,102555.0,3.672,Finance,1/26/2005,6:50 PM,0.6841195933505884
548,Evelyn,Female,51525.0,10.360060723514213,Finance,9/22/1998,10:09 PM,0.3437108092963684
549,Janice,Female,41190.0,3.311,Sales,1/26/2005,9:06 PM,0.2747685246951463
550,Marilyn,Female,75484.0,3.186,Finance,2/25/1980,10:50 PM,0.5035355017744216
551,Gregory,Female,82726.0,10.360060723514213,Marketing,1/26/2005,10:09 PM,0.5518451316807642
552,Marilyn,Male,90335.26726342711,19.122,Finance,7/18/1985,6:36 AM,0.602604712646604
553,Barbara,Female,127297.0,11.905,Product,1/26/2005,3:41 PM,0.8491674893934946
554,Amanda,Female,109290.0,13.853,Engineering,1/26/2005,7:46 AM,0.729047148918003
555,Phyllis,Female,99150.0,6.007,Client Services,10/25/1985,10:09 PM,0.6614056621394455
556,Anne,Female,90335.26726342711,10.360060723514213,Finance,1/26/2005,8:09 PM,0.602604712646604
557,Marilyn,Male,66819.0,6.639,Marketing,12/16/2014,4:56 PM,0.4457333831416602
558,Jane,Female,42424.0,18.115,Finance,1/26/2005,8:39 AM,0.2830002401472903
559,Linda,Female,90335.26726342711,10.360060723514213,Engineering,8/18/1985,4:34 AM,0.602604712646604
560,Ashley,Female,120675.0,6.51,Human Resources,11/17/1999,10:09 PM,0.804993729487419
561,Shawn,Female,96610.0,2.097,Finance,1/26/2005,10:24 AM,0.6444619366544814
562,Kathleen,Female,71430.0,8.572,Engineering,9/20/1996,3:45 PM,0.4764922485791285
563,Sara,Female,87713.0,18.863,Legal,1/26/2005,10:09 PM,0.5851122021506524
564,Randy,Male,90335.26726342711,10.360060723514213,Engineering,1/26/2005,7:39 PM,0.602604712646604
565,Marilyn,Male,43414.0,7.563,Finance,3/29/1985,6:57 PM,0.2896042906315874
566,Marilyn,Female,87145.0,17.33,Human Resources,1/26/2005,10:09 PM,0.5813232115697627
567,Johnny,Male,91124.0,12.986,Distribution,1/26/2005,1:35 PM,0.607866157910185
568,Marilyn,Female,90335.26726342711,12.605,Finance,1/26/2005,8:04 PM,0.602604712646604
569,Susan,Female,90829.0,10.360060723514213,Marketing,4/18/1986,10:09 PM,0.6058982842810257
570,Ruby,Female,101262.0,6.773,Finance,1/26/2005,3:42 AM,0.6754943031726125
571,Kelly,Female,41427.0,1.431,Product,8/16/1996,10:09 PM,0.2763494943565386
572,Jonathan,Male,90335.26726342711,18.623,Marketing,1/26/2005,10:38 PM,0.602604712646604
573,Raymond,Male,114244.0,10.360060723514213,Human Resources,1/13/1996,10:09 PM,0.762094084371748
574,Kimberly,Female,81800.0,5.435,Finance,12/30/1981,4:51 AM,0.5456680097126237
575,Marilyn,Female,118736.0,7.421,Client Services,1/26/2005,1:01 PM,0.7920591295994877
576,John,Female,90335.26726342711,5.809,Product,1/22/1995,10:09 PM,0.602604712646604
577,Michael,Male,35013.0,14.879,Finance,7/30/1993,5:35 PM,0.2335632521279718
578,Jerry,Male,98393.0,10.360060723514213,Client Services,1/26/2005,4:29 AM,0.656355898284281
579,Amanda,Female,107111.0,1.438,Product,3/17/1982,11:46 PM,0.7145115670944846
580,Marilyn,Male,90335.26726342711,1.187,Legal,1/26/2005,8:45 PM,0.602604712646604
581,Harry,Female,65482.0,18.089,Finance,1/27/1985,8:18 PM,0.4368145796088267
582,Ernest,Male,81919.0,15.118,Marketing,1/26/2005,12:08 AM,0.5464618299223524
583,Marilyn,Male,90335.26726342711,10.360060723514213,Finance,11/19/1982,10:09 PM,0.602604712646604
584,Diane,Female,49501.0,13.506,Business Development,1/26/2005,6:14 PM,0.3302091949729167
585,Jack,Male,70367.0,18.266,Legal,5/30/2012,3:17 AM,0.4694012327560904
586,Marilyn,Female,90335.26726342711,2.754,Marketing,4/16/1988,10:09 PM,0.602604712646604
587,Rose,Female,56961.0,10.360060723514213,Finance,1/26/2005,10:09 PM,0.3799730501374176
588,Cheryl,Female,98841.0,8.945,Client Services,1/26/2005,6:28 AM,0.6593443978973771
589,Cynthia,Female,78226.0,2.419,Human Resources,5/23/1980,3:19 AM,0.521826720388505
590,Sandra,Female,116931.0,9.657,Finance,4/24/1995,7:14 PM,0.7800184112922592
591,Marilyn,Female,90335.26726342711,13.346,Business Development,1/26/2005,10:09 PM,0.602604712646604
592,Rachel,Female,110924.0,7.808,Distribution,4/22/1988,12:01 PM,0.7399471675961257
593,Justin,Male,78351.0,15.221,Sales,1/26/2005,11:15 PM,0.5226605651466233
594,Marie,Female,90335.26726342711,4.644,Sales,11/23/2000,5:06 AM,0.602604712646604
595,Louis,Male,95198.0,2.075,Finance,1/26/2005,5:02 AM,0.635042826266777
596,Nancy,Female,121006.0,3.512,Finance,1/26/2005,10:09 PM,0.8072017504069162
597,Mark,Male,90335.26726342711,6.752,Business Development,1/26/2005,5:31 AM,0.602604712646604
598,Teresa,Female,69740.0,8.294,Finance,6/24/1987,7:37 PM,0.4652186674493689
599,Frances,Female,91996.0,11.506,Product,7/21/2001,10:09 PM,0.6136830589428183
600,Marilyn,Female,90335.26726342711,10.360060723514213,Human Resources,1/26/2005,10:57 PM,0.602604712646604
601,Barbara,Female,90556.0,15.749,Distribution,12/20/1994,10:09 AM,0.6040771673292953
602,Christine,Female,50366.0,9.862,Marketing,1/26/2005,6:00 PM,0.3359794006990954
603,Bobby,Female,84232.0,15.704,Finance,7/21/2003,3:50 PM,0.5618912933265736
604,Marilyn,Female,100888.0,12.49,Business Development,10/26/1991,8:11 AM,0.6729994396563226
605,Bruce,Male,141335.0,15.427,Finance,3/15/2013,11:13 PM,0.9428115911092136
606,Rose,Female,97691.0,2.142,Client Services,1/26/2005,9:14 AM,0.6516730261226886
607,Mildred,Female,47266.0,10.256,Client Services,2/21/1981,3:30 AM,0.3153000506977613
608,Marilyn,Male,139754.0,12.74,Sales,10/13/1983,11:59 PM,0.9322651226085332
609,Marilyn,Female,116236.0,10.360060723514213,Finance,1/26/2005,5:17 PM,0.7753822344371214
610,Todd,Male,103405.0,15.91,Sales,2/16/2010,10:09 PM,0.6897897377057929
611,Alan,Female,90335.26726342711,10.084,Product,2/17/2012,12:26 AM,0.602604712646604
612,Elizabeth,Female,52730.0,12.525,Marketing,1/26/2005,3:58 AM,0.3517490727646289
613,Julie,Female,60361.0,7.099,Distribution,10/21/2000,1:15 AM,0.4026536275582357
614,Teresa,Female,63103.0,11.378,Finance,1/26/2005,3:47 PM,0.420944846172319
615,Eric,Male,90335.26726342711,11.513,Distribution,1/26/2005,9:16 PM,0.602604712646604
616,Edward,Male,73105.0,6.083,Engineering,8/30/2001,1:24 AM,0.4876657683379139
617,Kimberly,Female,37916.0,10.360060723514213,Distribution,1/26/2005,10:09 PM,0.2529284627905115
618,Kathy,Female,45682.0,1.451,Finance,1/14/2001,5:11 AM,0.304733569922886
619,Peter,Male,69297.0,1.268,Finance,11/24/1992,5:43 PM,0.4622635216265977
620,Beverly,Female,59070.0,19.064,Engineering,10/22/1990,10:09 PM,0.3940416788963898
621,Marilyn,Male,90335.26726342711,8.4,Finance,1/26/2005,2:25 AM,0.602604712646604
622,Justin,Male,128036.0,18.824,Client Services,1/26/2005,11:00 PM,0.8540971796034902
623,Irene,Female,89780.0,8.999,Sales,6/23/2005,10:09 PM,0.5989006590708968
624,Irene,Female,125018.0,9.601,Legal,11/29/2006,10:09 PM,0.8339648317634816
625,Jeremy,Male,90335.26726342711,12.2,Sales,1/26/2005,10:09 PM,0.602604712646604
626,Cynthia,Female,82408.0,8.701,Finance,6/29/2015,6:38 AM,0.5497238306161112
627,Marilyn,Female,131755.0,2.93,Finance,4/13/1997,8:03 AM,0.8789057288470262
628,Anne,Female,128305.0,10.360060723514213,Marketing,1/26/2005,12:30 PM,0.8558916135229607
629,Marilyn,Female,90335.26726342711,1.702,Distribution,1/26/2005,12:49 PM,0.602604712646604
630,Debra,Female,74911.0,19.513,Marketing,1/26/2005,12:19 PM,0.4997131574032073
631,Michael,Male,47079.0,2.617,Legal,7/13/1988,10:09 PM,0.3140526189396163
632,Jason,Female,82873.0,1.869,Client Services,1/26/2005,1:20 AM,0.5528257331163113
633,Rebecca,Female,90335.26726342711,6.878,Engineering,2/23/1990,3:21 PM,0.602604712646604
634,Marilyn,Female,123591.0,6.5,Engineering,11/17/2011,10:09 PM,0.8244456600048029
635,Carl,Male,75598.0,19.289,Finance,1/26/2005,5:59 PM,0.5042959681938255
636,Randy,Male,89831.0,13.047,Finance,9/27/2000,3:04 AM,0.5992408677322091
637,Marilyn,Female,90335.26726342711,2.924,Engineering,1/26/2005,4:06 PM,0.602604712646604
638,Marilyn,Male,126956.0,10.360060723514213,Human Resources,1/26/2005,10:09 PM,0.846892760893348
639,Frances,Female,112467.0,1.433,Business Development,1/26/2005,6:08 PM,0.750240147290338
640,Amanda,Female,46665.0,19.391,Client Services,1/26/2005,2:15 PM,0.3112909251007284
641,Marilyn,Female,42553.0,3.756,Finance,8/28/2004,10:49 AM,0.2838607679376684
642,Amanda,Female,102081.0,5.203,Sales,1/25/1995,5:06 AM,0.6809576540278037
643,Amanda,Female,135118.0,15.108,Finance,1/26/2005,9:17 AM,0.9013394882194412
644,Shawn,Male,71975.0,9.77,Finance,9/29/1987,10:11 PM,0.4801278117245244
645,Katherine,Female,149908.0,18.912,Finance,8/13/1996,12:21 AM,1.0
646,Marilyn,Female,90335.26726342711,10.360060723514213,Marketing,1/26/2005,9:19 AM,0.602604712646604
647,Elizabeth,Female,79145.0,19.78,Finance,2/21/2010,7:02 AM,0.5279571470501908
648,Donald,Male,122920.0,5.32,Finance,1/26/2005,10:00 AM,0.8199695813432238
649,Gregory,Male,128031.0,15.857,Finance,11/15/1999,10:09 PM,0.8540638258131654
650,Ruth,Female,59969.0,14.064,Finance,2/17/2004,5:38 AM,0.4000386903967767
651,Cynthia,Female,90335.26726342711,10.360060723514213,Finance,1/26/2005,1:24 AM,0.602604712646604
652,Deborah,Female,113129.0,17.371,Client Services,11/21/1985,1:40 PM,0.7546561891293326
653,Willie,Male,141932.0,1.017,Finance,1/26/2005,5:39 AM,0.9467940336739868
654,Debra,Female,42296.0,10.360060723514213,Product,5/28/2006,6:51 AM,0.2821463831149772
655,Carl,Male,63395.0,11.411,Legal,12/14/1984,8:49 PM,0.4228927075272834
656,Walter,Male,125382.0,13.613,Finance,1/26/2005,11:16 PM,0.8363929876991222
657,Lisa,Female,90335.26726342711,17.108,Marketing,1/26/2005,6:44 PM,0.602604712646604
658,Rebecca,Female,46750.0,11.367,Sales,1/26/2005,10:33 AM,0.3118579395362489
659,Jessica,Female,90285.0,13.591,Client Services,10/19/1986,10:09 PM,0.6022693918936948
660,Marilyn,Female,53692.0,4.785,Finance,8/27/2009,3:41 PM,0.3581663420231075
661,Mary,Female,100341.0,6.662,Distribution,1/26/2005,7:02 PM,0.6693505349947968
662,Craig,Male,90335.26726342711,4.225,Engineering,8/21/1995,2:38 AM,0.602604712646604
663,Katherine,Female,41643.0,10.360060723514213,Distribution,12/19/2000,1:40 AM,0.2777903780985671
664,Andrea,Female,113760.0,12.866,Distribution,8/31/1989,11:10 PM,0.7588654374683139
665,Timothy,Male,49473.0,12.463,Legal,1/26/2005,10:49 PM,0.3300224137470982
666,Anthony,Male,146141.0,10.360060723514213,Distribution,2/13/2013,1:35 PM,0.9748712543693464
667,Harold,Female,79459.0,7.776,Business Development,1/26/2005,11:02 AM,0.530051765082584
668,Douglas,Female,104496.0,14.771,Marketing,1/26/2005,2:03 AM,0.6970675347546496
669,James,Male,67789.0,17.105,Legal,1/26/2005,7:06 AM,0.4522040184646583
670,Joseph,Female,86564.0,10.360060723514213,Finance,3/28/1982,1:05 PM,0.5774475011340289
671,Marilyn,Female,135758.0,14.782,Client Services,9/14/2001,3:22 AM,0.905608773381007
672,Laura,Female,84672.0,3.96,Distribution,1/26/2005,10:09 PM,0.5648264268751501
673,Marilyn,Male,111580.0,10.982,Human Resources,1/26/2005,12:41 PM,0.7443231848867305
674,Ralph,Male,50455.0,10.360060723514213,Finance,3/24/1996,11:54 AM,0.3365730981668757
675,Marilyn,Male,88733.0,1.932,Human Resources,8/28/2012,7:56 PM,0.5919163753768978
676,Diane,Female,90335.26726342711,12.791,Marketing,1/26/2005,6:56 PM,0.602604712646604
677,Marilyn,Female,138925.0,9.801,Marketing,1/26/2005,10:04 AM,0.9267350641726926
678,Jacqueline,Female,62371.0,15.77,Finance,9/20/1994,6:07 PM,0.4160618512687782
679,Brenda,Female,87715.0,10.360060723514213,Product,4/17/1984,7:12 AM,0.5851255436667823
680,Lori,Female,66029.0,3.345,Client Services,1/26/2005,7:36 AM,0.4404634842703525
681,Albert,Male,86818.0,14.301,Engineering,6/17/1992,3:25 AM,0.5791418736825252
682,Frank,Male,90335.26726342711,17.398,Product,11/23/2002,6:10 PM,0.602604712646604
683,Deborah,Female,105573.0,5.268,Product,1/26/2005,10:09 PM,0.7042519411905969
684,Robin,Female,41230.0,10.360060723514213,Finance,12/20/2005,2:42 PM,0.2750353550177442
685,Alice,Female,117787.0,10.485,Finance,1/21/2016,5:07 PM,0.7857285801958535
686,Marilyn,Male,88086.0,19.387,Finance,1/26/2005,9:37 AM,0.5876003949088775
687,Paul,Female,91462.0,18.704,Finance,2/18/2011,12:23 PM,0.6101208741361368
688,Marilyn,Male,139959.0,8.992,Distribution,12/27/1996,7:07 AM,0.9336326280118472
689,Brian,Male,93901.0,17.821,Legal,1/26/2005,10:47 PM,0.6263908530565413
690,Marilyn,Female,50529.0,17.263,Finance,1/26/2005,6:31 AM,0.3370667342636817
691,Bruce,Male,90335.26726342711,10.360060723514213,Sales,1/28/2007,11:10 PM,0.602604712646604
692,Joan,Female,120941.0,3.694,Finance,1/26/2005,2:53 AM,0.8067681511326947
693,Marilyn,Male,118753.0,8.162,Sales,5/15/2007,10:09 PM,0.7921725324865918
694,Alice,Female,92799.0,2.782,Sales,10/16/1995,9:19 PM,0.6190396776689703
695,Barbara,Female,85718.0,13.326,Client Services,1/26/2005,12:35 AM,0.5718040398110842
696,Sarah,Female,109517.0,5.146,Human Resources,1/26/2005,10:09 PM,0.7305614109987459
697,Samuel,Male,85550.0,11.593,Marketing,5/25/2012,4:40 PM,0.5706833524561731
698,Marilyn,Male,136655.0,9.801,Distribution,5/23/1990,2:09 AM,0.911592443365264
699,Barbara,Female,43312.0,8.218,Legal,1/26/2005,5:13 AM,0.2889238733089628
700,Amy,Female,102839.0,10.385,Distribution,5/19/1984,11:47 AM,0.6860140886410332
701,Frank,Male,78891.0,7.927,Distribution,1/26/2005,9:15 PM,0.5262627745016943
702,Robin,Female,93201.0,11.712,Legal,9/16/2005,1:26 AM,0.6217213224110788
703,Debra,Female,84693.0,6.976,Finance,1/26/2005,1:12 PM,0.5649665127945139
704,Marilyn,Female,73587.0,9.769,Human Resources,5/31/2004,3:36 PM,0.4908810737252181
705,Thomas,Male,65251.0,11.211,Distribution,1/26/2005,9:51 AM,0.4352736344958241
706,Harry,Male,129148.0,15.193,Engineering,9/23/2015,1:36 AM,0.8615150625717106
707,Todd,Female,128175.0,18.473,Finance,1/26/2005,6:53 PM,0.8550244149745178
708,Patricia,Female,75825.0,7.839,Engineering,1/26/2005,1:10 AM,0.5058102302745684
709,Steve,Male,51821.0,1.197,Legal,1/26/2005,9:17 PM,0.3456853536835926
710,Marilyn,Female,60411.0,12.048,Human Resources,1/26/2005,10:09 PM,0.402987165461483
711,Edward,Male,58327.0,17.095,Finance,11/27/1997,1:00 AM,0.3890853056541345
712,Karen,Female,46478.0,16.552,Engineering,1/26/2005,10:09 PM,0.3100434933425834
713,Martin,Female,123963.0,15.745,Engineering,1/26/2005,4:17 AM,0.8269271820049631
714,Ann,Female,79796.0,9.851,Distribution,9/28/1994,5:44 AM,0.5322998105504709
715,Jonathan,Male,83809.0,12.922,Distribution,7/30/1984,6:02 PM,0.5590695626651012
716,Peter,Male,77933.0,13.132,Engineering,1/26/2005,7:28 AM,0.5198721882754757
717,Eric,Male,51070.0,13.806,Business Development,6/15/1993,3:56 AM,0.3406756143768177
718,Jason,Female,97480.0,11.518,Human Resources,4/15/1988,8:16 PM,0.6502654961709848
719,Terry,Male,58357.0,7.969,Engineering,1/26/2005,11:18 PM,0.3892854283960829
720,John,Male,67165.0,13.001,Engineering,1/29/1999,3:07 AM,0.4480414654321317
721,Marilyn,Female,145988.0,18.685,Human Resources,1/26/2005,2:01 PM,0.9738506283854096
722,Harold,Male,147417.0,11.626,Business Development,4/16/2010,5:13 AM,0.9833831416602182
723,Joshua,Male,95003.0,5.197,Marketing,6/27/1997,10:09 PM,0.6337420284441124
724,Brandon,Female,144187.0,11.416,Legal,1/26/2005,2:32 AM,0.9618365931104412
725,Marilyn,Female,37888.0,13.47,Engineering,1/26/2005,6:40 AM,0.252741681564693
726,Jeremy,Female,131513.0,1.876,Finance,5/19/1991,1:40 PM,0.8772914053953091
727,Daniel,Male,77287.0,13.0,Finance,2/29/2016,4:04 AM,0.5155628785655202
728,Marilyn,Male,46875.0,12.942,Sales,1/26/2005,1:22 PM,0.3126917842943672
729,Dorothy,Female,82744.0,19.111,Client Services,1/26/2005,12:22 AM,0.5519652053259332
730,Marilyn,Male,43252.0,18.892,Client Services,1/26/2005,12:32 AM,0.288523627825066
731,Nicole,Female,66047.0,18.674,Marketing,4/26/2009,12:40 AM,0.4405835579155215
732,Ann,Female,118431.0,12.772,Finance,7/16/2001,9:27 AM,0.790024548389679
733,Henry,Female,59943.0,1.432,Finance,1/26/2005,2:04 AM,0.399865250687088
734,Marilyn,Male,136681.0,3.655,Business Development,6/17/2009,1:00 PM,0.9117658830749528
735,Marilyn,Female,138807.0,1.4,Human Resources,12/18/1994,10:09 PM,0.9259479147210288
736,Barbara,Female,82884.0,6.837,Business Development,1/26/2005,5:32 AM,0.5528991114550258
737,Judy,Female,48668.0,11.716,Product,1/26/2005,10:09 PM,0.3246524535048163
738,Lawrence,Male,122971.0,14.618,Product,7/23/2011,3:41 AM,0.8203097900045361
739,Joseph,Male,107050.0,12.737,Business Development,1/26/2005,11:12 PM,0.7141046508525228
740,Carlos,Male,138598.0,14.737,Sales,1/26/2005,10:00 AM,0.9245537262854552
741,Russell,Female,149456.0,3.533,Marketing,1/26/2005,11:59 AM,0.9969848173546442
742,Jane,Female,128540.0,15.941,Legal,1/26/2005,7:02 PM,0.8574592416682232
743,Martin,Male,61117.0,2.844,Client Services,2/25/2016,6:29 PM,0.4076967206553353
744,Steven,Male,100949.0,13.813,Human Resources,5/30/1980,8:25 PM,0.6734063558982842
745,Judy,Female,46829.0,5.19,Finance,1/26/2005,10:09 PM,0.3123849294233797
746,James,Male,69111.0,14.625,Business Development,2/16/2008,10:09 PM,0.4610227606265176
747,Gloria,Female,46602.0,1.027,Business Development,8/19/2004,10:31 AM,0.3108706673426368
748,Marilyn,Male,61181.0,16.559,Business Development,1/26/2005,1:46 PM,0.4081236491714918
749,Martha,Female,94963.0,19.626,Business Development,7/17/1997,11:11 PM,0.6334751981215145
750,Janet,Female,85789.0,9.712,Legal,1/25/1986,5:48 AM,0.5722776636336954
751,Louis,Female,145274.0,16.379,Product,1/26/2005,6:39 PM,0.969087707127038
752,Tina,Female,102841.0,3.369,Client Services,1/26/2005,3:18 AM,0.686027430157163
753,Marilyn,Male,49665.0,18.338,Business Development,2/23/2007,10:09 PM,0.3313031992955679
754,Antonio,Male,41928.0,5.478,Finance,1/26/2005,10:54 PM,0.2796915441470768
755,Lisa,Female,128042.0,2.03,Legal,1/26/2005,1:04 AM,0.8541372041518798
756,Denise,Female,86150.0,3.997,Client Services,2/19/1984,10:09 PM,0.5746858072951411
757,Marilyn,Male,121816.0,10.615,Distribution,10/21/1984,10:09 PM,0.812605064439523
758,Benjamin,Male,123409.0,7.783,Product,1/26/2005,11:32 PM,0.8232315820369827
759,Carl,Female,98295.0,7.617,Legal,8/18/2007,8:01 AM,0.6557021639939162
760,Ruth,Female,59678.0,10.895,Distribution,1/26/2005,6:52 AM,0.3980974997998772
761,Marilyn,Male,57871.0,4.02,Human Resources,12/29/2006,3:05 AM,0.3860434399765189
762,Jennifer,Female,132084.0,10.006,Engineering,3/31/2015,7:43 PM,0.8811004082503936
763,Terry,Male,35633.0,3.947,Distribution,1/26/2005,10:09 PM,0.2376991221282386
764,Jacqueline,Female,125298.0,3.019,Legal,7/27/2008,12:08 PM,0.8358326440216666
765,Marilyn,Male,115582.0,15.343,Sales,1/26/2005,10:09 PM,0.7710195586626464
766,Alice,Female,148339.0,11.479,Finance,4/23/1995,10:09 PM,0.989533580596099
767,Justin,Male,112975.0,9.699,Human Resources,7/25/1991,12:45 AM,0.7536288923873309
768,Marilyn,Female,36927.0,18.769,Client Services,1/26/2005,12:10 PM,0.2463310830642794
769,Robin,Female,70248.0,9.66,Sales,3/26/2004,5:41 PM,0.4686074125463618
770,Samuel,Female,141305.0,9.849,Marketing,1/26/2005,3:08 AM,0.9426114683672652
771,Marilyn,Female,72002.0,13.178,Product,9/22/2006,8:08 PM,0.4803079221922779
772,Peter,Male,102577.0,12.026,Product,5/22/1991,1:39 AM,0.6842663500280172
773,Lillian,Female,113554.0,18.018,Business Development,1/26/2005,5:41 AM,0.7574912613069349
774,Marilyn,Male,47176.0,10.736,Finance,10/24/1986,9:23 AM,0.3146996824719161
775,Marilyn,Female,106428.0,10.867,Finance,6/18/2000,7:36 AM,0.7099554393361261
776,Rose,Female,75181.0,6.06,Finance,1/26/2005,10:09 PM,0.5015142620807429
777,Bobby,Male,79047.0,18.784,Human Resources,9/30/2004,10:09 PM,0.5273034127598261
778,Kimberly,Female,52970.0,4.513,Sales,4/20/1986,3:55 PM,0.3533500547002161
779,Antonio,Male,137979.0,5.266,Distribution,12/28/2003,4:17 AM,0.9204245270432532
780,Doris,Female,114360.0,17.799,Business Development,1/26/2005,10:09 PM,0.7628678923072818
781,Steven,Male,110306.0,16.843,Human Resources,1/26/2005,4:55 AM,0.7358246391119887
782,Lawrence,Male,46378.0,9.127,Finance,1/26/2005,10:55 PM,0.3093764175360888
783,Marilyn,Male,74104.0,17.68,Client Services,1/26/2005,4:41 PM,0.4943298556447955
784,Marilyn,Female,132505.0,13.592,Product,4/15/1991,3:39 AM,0.883908797395736
785,Stephanie,Female,96649.0,3.453,Sales,9/14/1982,8:14 AM,0.6447220962190143
786,Marilyn,Female,57811.0,8.941,Marketing,1/26/2005,10:09 PM,0.3856431944926221
787,Sandra,Female,111468.0,2.58,Product,1/26/2005,4:17 PM,0.7435760599834565
788,Kevin,Male,141498.0,4.135,Sales,1/26/2005,3:22 PM,0.9438989246738
789,Michelle,Female,124441.0,16.353,Business Development,3/31/2012,6:28 AM,0.8301158043600074
790,Lisa,Female,40121.0,6.293,Product,1/26/2005,9:19 PM,0.2676374843237185
791,Fred,Male,129712.0,11.058,Finance,1/26/2005,2:27 AM,0.8652773701203404
792,Marilyn,Male,126010.0,19.601,Legal,1/26/2005,9:46 PM,0.8405822237639086
793,Anne,Female,122762.0,9.564,Distribution,4/18/1996,10:09 PM,0.8189156015689623
794,Andrea,Female,149105.0,13.707,Distribution,7/22/1999,9:25 AM,0.994643381273848
795,Nicole,Female,44021.0,10.286,Finance,1/26/2005,5:17 PM,0.2936534407770099
796,Marilyn,Female,42025.0,3.319,Human Resources,1/26/2005,10:16 AM,0.2803386076793767
797,Catherine,Female,59970.0,12.801,Client Services,8/31/1986,6:20 PM,0.4000453611548416
798,Rose,Female,145001.0,19.85,Engineering,12/31/1982,6:50 PM,0.9672665901753076
799,Marilyn,Male,102589.0,17.952,Marketing,1/26/2005,2:06 PM,0.6843463991247966
800,Raymond,Male,47529.0,2.712,Product,1/26/2005,12:18 PM,0.3170544600688422
801,Marilyn,Female,148941.0,11.517,Product,1/26/2005,10:09 PM,0.9935493769511968
802,Ryan,Male,91109.0,17.499,Human Resources,4/15/1988,5:18 AM,0.6077660965392108
803,Jane,Female,51923.0,13.623,Business Development,1/26/2005,1:23 PM,0.3463657710062171
804,Lois,Female,53954.0,19.075,Product,7/28/2012,10:09 PM,0.3599140806361235
805,Shawn,Female,39335.0,10.664,Distribution,3/17/2008,2:12 PM,0.2623942684846706
806,Marilyn,Male,111371.0,15.081,Engineering,1/26/2005,9:29 AM,0.7429289964511567
807,Kathryn,Female,86676.0,6.081,Sales,1/29/2008,12:29 AM,0.5781946260373029
808,Mary,Female,115057.0,2.089,Finance,1/26/2005,8:32 AM,0.7675174106785495
809,Marilyn,Female,145357.0,3.459,Engineering,1/26/2005,5:13 AM,0.9696413800464284
810,George,Male,36749.0,19.754,Finance,9/27/1995,5:04 PM,0.2451436881287189
811,Ralph,Female,89854.0,7.227,Business Development,1/26/2005,10:09 PM,0.5993942951677028
812,Judith,Female,134048.0,6.818,Marketing,1/26/2005,11:16 AM,0.8942017770899485
813,Marilyn,Male,141311.0,5.478,Product,12/13/1994,10:34 AM,0.942651492915655
814,Evelyn,Female,123621.0,19.767,Marketing,1/26/2005,4:44 AM,0.8246457827467514
815,Rachel,Female,54941.0,3.221,Distribution,6/23/2011,12:52 AM,0.3664981188462257
816,Maria,Female,106562.0,4.0,Human Resources,1/26/2005,8:36 PM,0.710849320916829
817,Kelly,Female,39371.0,4.068,Engineering,3/17/2007,6:20 PM,0.2626344157750087
818,Ruby,Female,83112.0,4.083,Marketing,5/31/2008,8:41 PM,0.5544200442938335
819,Ann,Female,96941.0,10.048,Distribution,1/26/2005,10:09 PM,0.6466699575739787
820,Kenneth,Male,47232.0,17.862,Legal,12/14/1985,6:55 AM,0.3150732449235531
821,William,Male,54058.0,5.182,Human Resources,11/18/1993,12:27 PM,0.3606078394748779
822,Marilyn,Female,80399.0,12.254,Distribution,1/26/2005,2:27 AM,0.5363222776636337
823,Deborah,Female,118043.0,7.266,Business Development,2/26/2009,10:17 AM,0.7874362942604798
824,Marilyn,Male,109411.0,9.494,Engineering,1/26/2005,2:30 PM,0.7298543106438615
825,Julia,Female,97566.0,2.147,Marketing,8/18/2014,10:09 PM,0.6508391813645703
826,Robert,Female,69267.0,5.89,Sales,1/26/2005,1:20 AM,0.4620633988846492
827,Marilyn,Female,87103.0,5.665,Finance,1/26/2005,1:35 AM,0.581043039731035
828,Jesse,Female,98811.0,7.487,Legal,7/16/2014,2:24 AM,0.6591442751554286
829,Cynthia,Female,149684.0,7.864,Product,1/26/2005,8:55 AM,0.998505750193452
830,Johnny,Male,71383.0,2.097,Human Resources,1/14/2007,10:09 PM,0.476178722950076
831,Michael,Male,81206.0,19.908,Distribution,1/26/2005,1:20 AM,0.5417055794220456
832,Kenneth,Male,69112.0,7.588,Finance,1/15/2015,2:41 PM,0.4610294313845825
833,Keith,Female,120672.0,19.467,Legal,1/26/2005,3:02 PM,0.8049737172132241
834,Gerald,Male,96511.0,9.331,Human Resources,5/28/2010,12:26 PM,0.6438015316060517
835,Marilyn,Female,49325.0,2.071,Business Development,1/26/2005,7:54 AM,0.3290351415534861
836,Douglas,Male,132175.0,2.28,Engineering,1/26/2005,5:23 AM,0.8817074472343037
837,Carolyn,Female,118037.0,13.492,Finance,3/17/2004,10:09 PM,0.7873962697120901
838,Joseph,Male,139570.0,15.804,Finance,5/23/1985,10:16 PM,0.9310377031245832
839,Marilyn,Male,115280.0,9.153,Distribution,1/26/2005,3:14 PM,0.7690049897270326
840,Joyce,Female,51065.0,16.807,Human Resources,7/25/2001,6:04 AM,0.340642260586493
841,Lillian,Female,103854.0,4.924,Distribution,1/26/2005,8:53 AM,0.6927849080769539
842,Ruby,Female,48354.0,19.501,Business Development,8/13/2006,6:27 PM,0.322557835472423
843,Sandra,Female,132327.0,19.264,Product,1/26/2005,12:39 PM,0.8827214024601756
844,Louise,Female,106362.0,8.965,Sales,2/26/1982,1:03 AM,0.7095151693038397
845,Maria,Female,148857.0,8.738,Legal,6/19/1985,10:09 PM,0.9929890332737412
846,Brenda,Female,131131.0,11.682,Client Services,1/26/2005,6:01 PM,0.8747431758144996
847,Stephen,Male,129663.0,15.574,Human Resources,1/26/2005,10:42 PM,0.8649505029751581
848,Marilyn,Female,41449.0,4.707,Finance,1/26/2005,12:03 PM,0.2764962510339675
849,Bobby,Male,93368.0,2.88,Product,1/26/2005,7:40 AM,0.6228353390079249
850,Ernest,Male,53335.0,9.192,Product,1/26/2005,2:02 PM,0.3557848813939216
851,Marilyn,Male,148291.0,6.002,Finance,1/26/2005,10:04 AM,0.9892133842089816
852,Bobby,Male,147842.0,16.158,Finance,8/19/1996,1:16 AM,0.9862182138378204
853,Diana,Female,105066.0,17.343,Business Development,11/19/2004,8:47 AM,0.7008698668516691
854,Marilyn,Female,139284.0,11.39,Finance,1/26/2005,10:09 PM,0.9291298663180084
855,Harry,Male,63046.0,10.411,Finance,1/26/2005,7:46 PM,0.420564612962617
856,Phillip,Female,89700.0,2.277,Finance,10/20/2003,10:09 PM,0.5983669984257011
857,Bonnie,Female,108946.0,12.211,Finance,1/18/2006,6:52 PM,0.7267524081436615
858,Marilyn,Female,98406.0,7.943,Product,1/26/2005,6:28 PM,0.6564426181391253
859,Sean,Male,108581.0,9.634,Human Resources,4/25/2006,4:51 PM,0.724317581449956
860,Robin,Female,41808.0,19.239,Business Development,1/26/2005,2:44 AM,0.2788910531792833
861,Phillip,Male,36837.0,14.66,Marketing,1/26/2005,11:05 AM,0.2457307148384342
862,Jerry,Male,140850.0,18.855,Finance,3/26/1989,4:15 AM,0.9395762734477144
863,Ronald,Female,50426.0,18.536,Sales,1/26/2005,10:05 AM,0.3363796461829922
864,Marilyn,Male,134120.0,6.842,Human Resources,5/15/1984,6:15 AM,0.8946820716706246
865,Ryan,Male,57292.0,6.01,Finance,11/16/2012,1:47 PM,0.3821810710569149
866,Karen,Female,80633.0,16.306,Legal,8/29/1997,4:56 PM,0.5378832350508311
867,Bonnie,Female,131943.0,14.249,Client Services,1/26/2005,2:17 AM,0.8801598313632362
868,Marilyn,Male,48046.0,7.737,Marketing,6/15/2013,3:00 AM,0.3205032419884195
869,Katherine,Female,97443.0,13.657,Product,8/18/2013,10:09 PM,0.6500186781225818
870,Matthew,Male,135352.0,7.986,Business Development,1/26/2005,5:39 AM,0.9029004456066388
871,Marilyn,Female,107816.0,18.751,Marketing,11/19/1996,10:09 PM,0.7192144515302719
872,Gerald,Female,96329.0,2.469,Engineering,3/29/2003,10:37 AM,0.6425874536382314
873,Brenda,Female,73749.0,19.332,Business Development,1/18/2015,10:09 PM,0.4919617365317394
874,Marilyn,Male,75607.0,4.299,Sales,1/26/2005,6:05 PM,0.5043560050164101
875,Melissa,Female,98858.0,3.525,Human Resources,1/26/2005,4:11 AM,0.6594578007844811
876,Beverly,Female,76485.0,9.212,Engineering,1/26/2005,2:27 PM,0.5102129305974331
877,Terry,Female,41238.0,8.219,Marketing,1/26/2005,4:41 PM,0.2750887210822638
878,Marilyn,Male,114896.0,13.823,Client Services,1/26/2005,7:36 AM,0.7664434186300931
879,Jacqueline,Female,125418.0,8.064,Distribution,5/25/2003,7:13 PM,0.8366331349894602
880,Amy,Female,75415.0,19.132,Client Services,5/20/2009,6:26 AM,0.5030752194679403
881,Robert,Female,90998.0,8.382,Finance,1/26/2005,3:17 AM,0.6070256423940017
882,Ruby,Female,142868.0,6.318,Marketing,1/28/1980,10:09 PM,0.9530378632227766
883,Sara,Female,135990.0,14.344,Distribution,11/18/2014,2:47 PM,0.9071563892520746
884,Kathryn,Female,57300.0,18.015,Marketing,1/26/2005,3:39 PM,0.3822344371214344
885,Lisa,Female,73706.0,18.53,Finance,10/17/2003,1:42 PM,0.4916748939349468
886,Juan,Male,85871.0,9.16,Product,1/26/2005,8:52 AM,0.5728246657950209
887,Marilyn,Male,96795.0,14.837,Sales,1/30/2014,10:09 PM,0.6456960268964965
888,David,Male,92242.0,15.407,Legal,1/26/2005,8:48 AM,0.6153240654267951
889,Marilyn,Female,115149.0,11.934,Legal,1/26/2005,12:32 AM,0.7681311204205246
890,Margaret,Female,126924.0,1.552,Finance,1/26/2005,3:07 AM,0.8466792966352696
891,Marilyn,Male,145329.0,7.1,Finance,11/24/2015,10:09 PM,0.96945459882061
892,Timothy,Male,92587.0,8.475,Finance,8/25/1991,10:37 AM,0.6176254769592017
893,Brandon,Male,60263.0,2.709,Finance,1/26/2005,12:04 PM,0.4019998932678709
894,Frank,Female,91406.0,10.360060723514213,Business Development,7/27/2013,4:32 PM,0.6097473116844998
895,Betty,Female,37005.0,7.645,Marketing,11/19/2002,10:09 PM,0.2468514021933452
896,Janice,Female,90335.26726342711,10.360060723514213,Finance,1/26/2005,6:02 PM,0.602604712646604
897,Victor,Male,45267.0,3.942,Sales,1/26/2005,5:01 PM,0.3019652053259332
898,Marilyn,Female,95296.0,10.146,Finance,2/28/1994,10:10 AM,0.6356965605571417
899,Jane,Female,59680.0,15.211,Business Development,4/27/2012,2:12 PM,0.3981108413160071
900,Walter,Male,144701.0,16.323,Marketing,1/26/2005,12:39 AM,0.9652653627558236
901,Christina,Female,35477.0,18.178,Human Resources,6/23/2002,10:09 PM,0.236658483870107
902,Patricia,Female,119266.0,10.360060723514213,Finance,1/26/2005,4:52 PM,0.7955946313739093
903,Marilyn,Male,103877.0,6.322,Distribution,5/23/2001,7:52 PM,0.6929383355124477
904,Heather,Female,90335.26726342711,14.955,Human Resources,7/29/1983,10:48 AM,0.602604712646604
905,Stephanie,Female,136604.0,6.16,Human Resources,6/26/1988,5:48 AM,0.9112522347039518
906,Alice,Female,121250.0,4.363,Finance,1/26/2005,12:49 AM,0.8088294153747632
907,Marilyn,Female,35884.0,10.360060723514213,Sales,5/16/2014,10:09 PM,0.2393734824025402
908,Elizabeth,Female,137144.0,10.081,Finance,7/27/1998,11:12 AM,0.9148544440590228
909,Janice,Female,102697.0,3.283,Engineering,12/17/2009,6:42 AM,0.6850668409958107
910,Donald,Male,61999.0,10.360060723514213,Product,1/26/2005,2:25 AM,0.4135803292686181
911,Marilyn,Female,45223.0,8.879,Finance,10/22/2002,1:20 AM,0.3016716919710756
912,Carl,Female,90335.26726342711,15.528,Business Development,1/26/2005,1:33 PM,0.602604712646604
913,Joe,Male,126120.0,1.02,Finance,1/26/2005,10:09 PM,0.8413160071510526
914,Lois,Female,99747.0,6.168,Marketing,1/26/2005,10:09 PM,0.6653881047042186
915,Marilyn,Female,71958.0,5.272,Distribution,9/28/2001,6:37 AM,0.4800144088374203
916,Todd,Male,115566.0,10.360060723514213,Client Services,1/26/2005,12:34 PM,0.7709128265336073
917,Marilyn,Female,118369.0,7.696,Business Development,1/16/1996,7:18 AM,0.7896109613896524
918,Shawn,Male,51667.0,6.339,Product,3/13/2008,5:36 PM,0.3446580569415908
919,Ryan,Female,85858.0,19.475,Finance,1/26/2005,3:41 AM,0.5727379459401767
920,Marilyn,Male,131423.0,8.957,Distribution,3/21/2009,11:38 AM,0.876691037169464
921,Rose,Female,90335.26726342711,10.360060723514213,Client Services,1/26/2005,10:09 PM,0.602604712646604
922,George,Male,50369.0,18.9,Sales,1/26/2005,5:40 AM,0.3359994129732903
923,Marilyn,Male,86615.0,3.412,Business Development,1/26/2005,8:44 AM,0.5777877097953411
924,Irene,Female,135369.0,4.38,Business Development,2/28/1991,10:23 PM,0.9030138484937428
925,Deborah,Female,60003.0,9.624,Client Services,1/26/2005,10:09 PM,0.4002654961709849
926,Marilyn,Female,95866.0,19.388,Sales,8/23/2000,4:19 PM,0.6394988926541613
927,Judith,Female,109324.0,19.488,Distribution,1/26/2005,7:32 AM,0.7292739546922112
928,Philip,Male,103557.0,10.360060723514213,Business Development,1/26/2005,10:56 AM,0.6908036929316648
929,Jeffrey,Male,111376.0,2.673,Business Development,9/20/1986,6:06 AM,0.7429623502414815
930,Theresa,Female,90335.26726342711,1.079,Legal,4/27/2001,9:17 PM,0.602604712646604
931,Nancy,Female,85213.0,2.386,Finance,1/26/2005,11:57 PM,0.5684353069882861
932,Harold,Male,140444.0,3.771,Distribution,6/23/2012,12:40 PM,0.9368679456733464
933,Bonnie,Female,90427.0,2.01,Client Services,12/23/2008,10:09 PM,0.6032166395389172
934,Doris,Female,141439.0,3.799,Finance,1/26/2005,5:54 PM,0.943505349947968
935,Samuel,Male,43694.0,10.360060723514213,Engineering,1/26/2005,12:40 PM,0.2914721028897724
936,Alice,Female,131952.0,12.09,Engineering,3/23/1996,10:09 PM,0.8802198681858207
937,Marilyn,Female,90335.26726342711,10.056,Business Development,3/14/2003,5:23 PM,0.602604712646604
938,Aaron,Female,63126.0,18.424,Client Services,1/22/1986,7:39 PM,0.4210982736078127
939,Mark,Female,44836.0,2.657,Client Services,1/26/2005,10:09 PM,0.2990901085999413
940,Ralph,Female,70635.0,2.147,Client Services,7/28/1995,6:53 PM,0.4711889959174961
941,Andrew,Male,137386.0,8.611,Distribution,1/26/2005,9:38 AM,0.91646876751074
942,William,Male,104840.0,15.653,Engineering,6/26/1997,8:33 AM,0.6993622755289911
943,Lori,Female,75498.0,6.537,Marketing,11/20/2015,10:09 PM,0.5036288923873309
944,Wayne,Male,67471.0,2.728,Engineering,1/26/2005,11:09 AM,0.4500827174000053
945,Kenneth,Male,90335.26726342711,10.360060723514213,Finance,1/26/2005,8:24 AM,0.602604712646604
946,Gerald,Female,93712.0,17.426,Distribution,4/15/1989,10:09 PM,0.6251300797822664
947,Marilyn,Female,133472.0,16.941,Distribution,9/15/1985,1:50 AM,0.8903594204445393
948,Marilyn,Female,107351.0,5.329,Marketing,7/30/2012,10:09 PM,0.7161125490300718
949,Marilyn,Female,142410.0,11.048,Engineering,3/31/2006,1:24 PM,0.9499826560290312
950,Scott,Male,37385.0,8.226,Business Development,1/26/2005,8:08 AM,0.2493862902580249
951,Paula,Female,58423.0,10.360060723514213,Business Development,5/21/1983,11:42 AM,0.3897256984283694
952,Marilyn,Female,143638.0,9.662,Finance,9/14/2010,10:09 PM,0.9581743469327856
953,Teresa,Female,90335.26726342711,10.360060723514213,Finance,1/26/2005,3:17 PM,0.602604712646604
954,Randy,Male,90335.26726342711,10.360060723514213,Product,2/25/2012,5:33 AM,0.602604712646604
955,Joe,Female,119667.0,1.148,Finance,1/19/1980,4:06 PM,0.7982696053579529
956,Sarah,Female,127118.0,11.176,Legal,1/26/2005,10:09 PM,0.8479734236998693
957,Beverly,Female,80838.0,8.115,Engineering,10/17/1986,12:51 AM,0.5392507404541452
958,Jeffrey,Female,90335.26726342711,15.901,Finance,1/26/2005,10:09 PM,0.602604712646604
959,Marilyn,Female,39833.0,9.631,Engineering,10/24/1987,4:43 AM,0.265716306001014
960,Albert,Male,45094.0,5.85,Finance,9/19/1992,2:35 AM,0.3008111641806975
961,Stephen,Male,90335.26726342711,18.093,Business Development,1/26/2005,10:09 PM,0.602604712646604
962,Antonio,Female,103050.0,3.05,Legal,6/18/1989,9:37 PM,0.6874216185927369
963,Jonathan,Male,121797.0,16.923,Product,8/21/2013,12:45 AM,0.812478320036289
964,Ann,Female,89443.0,17.94,Sales,9/23/1994,11:15 AM,0.5966526136030098
965,Bruce,Female,35802.0,12.391,Sales,1/26/2005,10:09 PM,0.2388264802412146
966,Catherine,Female,68164.0,18.393,Finance,9/25/1989,1:31 AM,0.4547055527390132
967,Louis,Male,90335.26726342711,9.146,Human Resources,8/16/2011,5:19 PM,0.602604712646604
968,Thomas,Female,105681.0,19.572,Finance,1/26/2005,3:10 PM,0.7049723830616111
969,Louise,Female,43050.0,11.671,Distribution,3/27/1995,10:09 PM,0.2871761346959468
970,Marilyn,Female,44486.0,10.360060723514213,Engineering,1/26/2005,10:09 PM,0.29675534327721
971,Alice,Female,63571.0,15.397,Product,1/26/2005,8:54 PM,0.4240667609467139
972,Patrick,Male,90335.26726342711,5.368,Finance,12/30/2002,2:01 AM,0.602604712646604
973,Victor,Female,76381.0,11.159,Sales,7/28/2006,2:49 PM,0.5095191717586787
974,Russell,Male,137359.0,11.105,Business Development,1/26/2005,10:09 PM,0.9162886570429865
975,Harry,Male,67656.0,16.455,Finance,8/30/2011,6:31 PM,0.4513168076420204
976,Susan,Female,92436.0,12.467,Sales,1/26/2005,10:05 PM,0.6166181924913947
977,Marilyn,Female,137954.0,4.195,Legal,10/19/1992,5:42 AM,0.9202577580916296
978,Sarah,Female,90335.26726342711,5.949,Finance,1/26/2005,10:09 PM,0.602604712646604
979,Sean,Male,66146.0,11.178,Human Resources,1/17/1983,2:23 PM,0.4412439629639512
980,Ernest,Male,142935.0,13.198,Finance,7/20/2013,6:41 AM,0.953484804013128
981,Kimberly,Female,46233.0,10.360060723514213,Engineering,1/26/2005,12:57 AM,0.3084091576166715
982,Marilyn,Male,148985.0,19.28,Legal,1/15/1993,10:09 PM,0.9938428903060544
983,Rose,Female,91411.0,10.360060723514213,Finance,1/26/2005,10:43 AM,0.6097806654748246
984,John,Male,146907.0,11.738,Engineering,12/23/1982,10:35 PM,0.9799810550470957
985,Maria,Female,90335.26726342711,13.04,Engineering,10/15/2011,4:53 PM,0.602604712646604
986,Stephen,Female,85668.0,10.360060723514213,Legal,1/26/2005,8:10 PM,0.5714705019078368
987,Donna,Female,82871.0,17.999,Marketing,11/26/1982,10:09 PM,0.5528123916001815
988,Gloria,Female,136709.0,10.331,Finance,1/26/2005,5:08 AM,0.9119526643007712
989,Alice,Female,47638.0,10.360060723514213,Human Resources,1/26/2005,9:34 AM,0.3177815726979214
990,Justin,Female,38344.0,3.794,Legal,1/26/2005,4:58 PM,0.2557835472423086
991,Robin,Female,100765.0,10.982,Finance,7/24/1987,1:35 PM,0.6721789364143341
992,Marilyn,Female,134505.0,10.360060723514213,Marketing,8/25/2002,10:09 PM,0.897250313525629
993,Anthony,Male,90335.26726342711,11.625,Finance,10/16/2011,8:35 AM,0.602604712646604
994,Tina,Female,56450.0,19.04,Engineering,1/26/2005,3:53 PM,0.3765642927662299
995,George,Male,98874.0,4.479,Finance,6/21/2013,5:47 PM,0.6595645329135202
996,Henry,Female,90335.26726342711,16.655,Distribution,11/23/2014,6:09 AM,0.602604712646604
997,Phillip,Male,42392.0,19.675,Finance,1/31/1984,6:30 AM,0.282786775889212
998,Russell,Male,96914.0,10.360060723514213,Finance,1/26/2005,10:09 PM,0.6464898471062251
999,Larry,Female,60500.0,11.985,Business Development,4/20/2013,4:45 PM,0.4035808629292632
1000,Marilyn,Male,129949.0,10.169,Sales,5/15/2012,6:24 PM,0.8668583397817328
