ID,First Name,Gender,Salary,Bonus %,Team,Start Date,Last Login Time
1,,Male,Moti,6.945,111,,12:42 PM
2,Thomas,Male,,yafa,,3/31/1996,6:53 AM
3,Maria,Female,130590,11.858,Finance,4/23/1993,11:17 AM
4,Jerry,,,9.34,,,
5,Larry,Male,101004,,Client Services,1/24/1998,4:47 PM
6,Dennis,Male,,10.125,,,1:35 AM
7,Ruby,4,65476,,Product,8/17/1987,
8,,Female,45906,11.598,Finance,7/20/2015,10:43 AM
9,Angela,Female,Shir,,255,11/22/2005,6:29 AM
10,,Female,139852,7.524,Business Development,,
11,Louise,Female,,moshe,,,9:01 AM
12,Julie,Female,102508,,Legal,10/26/1997,
13,Brandon,Male,,17.492,Human Resources,,1:08 AM
14,,Male,109831,limor,,1/27/2008,11:40 PM
15,Kimberly,,41426,,Finance,,7:13 AM
16,,Female,,1.256,,,6:09 AM
17,,Male,90370,7.369,Human Resources,9/21/2010,5:56 AM
18,Shawn,Male,111737,,,,
19,Diana,Female,132940,19.082,,10/23/1981,10:27 AM
20,Donna,Female,,rio,Product,7/22/2010,
21,Lois,,64714,,854,,7:18 PM
22,Matthew,Male,,13.645,,,2:12 AM
23,Joshua,,Chen,orian,Client Services,,
24,,Male,125792,,,6/14/2012,4:19 PM
25,John,Male,,13.873,Client Services,,10:08 PM
26,,Male,37076,,,,1:12 AM
27,Craig,Male,,7.757,Marketing,2/27/2000,
28,Scott,,122367,shalom,,,6:58 PM
29,Terry,Male,,13.464,Client Services,11/27/1981,
30,Benjamin,Male,79529,,Legal,1/26/2005,
31,Christina,Female,118780,9.096,Engineering,,1:19 PM
32,Joyce,,88657,,,2/20/2005,
33,,Male,Jesika,6.417,,8/21/1998,
34,Jean,Female,119082,16.18,Business Development,,9:07 AM
35,Jerry,Male,95734,,Client Services,,
36,Theresa,Female,,16.675,,,1:12 AM
37,,Female,142032,,Business Development,2/16/2009,
38,Linda,Female,,9.557,,10/19/1981,8:49 PM
39,Stephanie,Female,36844,,Business Development,,1:52 AM
40,,Male,122173,7.797,,1/29/2016,
41,Michael,Male,Tal,2.665,Distribution,,11:25 AM
42,Christine,,66582,,,,
43,Beverly,Female,,15.835,,,8:26 PM
44,Marilyn,Female,73524,5.207,Marketing,,3:16 AM
45,Cynthia,Female,145146,,Product,11/16/1988,
46,Roger,Male,,natali,,4/17/1980,
47,Bruce,Male,114796,6.796,Finance,11/28/2009,10:47 PM
48,Kathy,Female,66820,,Client Services,,
49,Clarence,2,93581,6.083,Business Development,3/26/1996,5:57 AM
50,,,,3.055,,1/24/1980,
51,Nancy,Female,94976,,Engineering,,8:05 AM
52,,,41126,amit,Sales,12/17/2011,
53,Todd,Male,,1.695,Human Resources,2/18/1990,2:41 AM
54,Alan,,40341,,,,1:28 PM
55,Sara,5,83677,8.999,Engineering,,
56,Karen,Female,102488,dani,Product,11/30/1999,7:46 AM
57,Carl,Male,,,Finance,,5:55 PM
58,Henry,Male,64715,15.107,,6/26/1996,
59,Theresa,Female,72670,1.481,Engineering,,7:18 AM
60,Irene,Female,,,Engineering,,9:32 AM
61,Paula,,48866,4.271,,11/23/2005,
62,,Female,,,Business Development,,12:03 PM
63,,Female,58112,19.414,Marketing,,
64,Matthew,Male,,18.04,Human Resources,,10:33 PM
65,Kathleen,,77834,,,,
66,Steve,Male,,uriel,Distribution,,11:44 PM
67,Nancy,Female,125250,2.672,,12/15/2012,11:57 PM
68,Rachel,Female,51178,,Finance,8/16/1999,6:53 AM
69,Jose,Male,,14.33,,10/30/2004,1:39 PM
70,Irene,,100863,,Finance,7/14/2015,4:31 PM
71,Todd,,84692,6.617,Client Services,,2:26 PM
72,Johnny,Male,118172,,,,4:23 PM
73,Bobby,Male,,3.833,Product,,10:01 AM
74,Frances,Female,90582,4.709,Sales,,4:19 PM
75,,Male,62096,,,,2:24 PM
76,Bonnie,Female,,5.118,Human Resources,,1:27 AM
77,Margaret,Female,131604,7.353,Distribution,,12:42 PM
78,Charles,Male,107391,1.26,,9/14/2004,8:13 PM
79,Robin,Female,,,Sales,,3:15 PM
80,Bonnie,Female,115814,4.99,Product,11/13/1988,3:30 PM
81,Gerald,,,15.602,,3/17/1995,12:50 AM
82,Christopher,Male,47369,,Legal,,10:52 AM
83,Steven,Male,35095,8.379,,3/30/1980,9:20 PM
84,Shawn,Male,,6.539,,,2:55 AM
85,Doris,Female,,,Finance,8/20/2004,5:51 AM
86,Jeremy,Male,100238,3.887,,,8:50 AM
87,Annie,,,17.29,Business Development,9/29/2007,12:11 AM
88,Annie,Female,144887,,Sales,,2:05 AM
89,Donna,Female,64088,shuki,,11/27/1991,1:59 PM
90,Janice,Female,,,Legal,,12:40 AM
91,Janice,,91719,11.583,411,8/21/1997,5:12 AM
92,James,,,8.309,,1/26/2005,11:00 PM
93,Linda,Female,119009,12.506,Business Development,5/25/2000,5:45 PM
94,Virginia,,111858,1.601,Legal,,5:58 PM
95,Harry,Male,130620,2.11,Legal,8/26/1981,3:16 PM
96,Heather,Female,,14.166,Client Services,,2:17 PM
97,Cynthia,Female,142321,,,3/21/1994,8:34 AM
98,Laura,,140371,10.62,Marketing,,9:23 PM
99,Tina,Female,,16.961,Marketing,6/16/2016,7:47 PM
100,Harold,Male,,,,,9:40 PM
101,,Female,48109,14.995,Finance,6/21/2005,6:33 AM
102,Aaron,Male,61602,,Marketing,,10:20 AM
103,Jack,Male,,12.159,,,5:51 AM
104,Phyllis,Female,136984,,Finance,,9:30 PM
105,John,Male,80740,19.305,Marketing,12/23/1989,7:01 AM
106,Kathy,Female,,8.567,,,4:33 AM
107,Paul,Male,42146,,Legal,,7:25 PM
108,Steven,Male,68680,16.565,Legal,4/23/2013,10:12 PM
109,Russell,,133980,12.396,Legal,,7:57 AM
110,Christopher,Male,,,,4/22/2000,10:15 AM
111,Shirley,Female,147113,16.135,Legal,6/20/2001,10:39 PM
112,Bonnie,Female,42153,aria,Business Development,12/17/1999,3:12 PM
113,Willie,Male,64363,4.023,,11/27/2003,6:21 AM
114,Tina,Female,,,,,7:16 AM
115,Ashley,Female,58698,6.811,Business Development,,11:00 AM
116,Pamela,Female,,4.166,Product,,6:51 AM
117,,,76189,18.988,Legal,6/22/1991,8:58 PM
118,Steven,Male,,,Finance,,3:03 PM
119,Andrea,Female,120204,9.557,,,
120,,Male,41054,12.299,Marketing,,
121,Peter,Male,84885,,Business Development,11/17/1994,6:15 PM
122,Kathleen,,,18.74,,,8:55 AM
123,Christina,Female,110169,13.892,Engineering,,
124,Helen,Female,73789,14.841,Product,11/29/2001,2:30 AM
125,Marilyn,,76078,,Product,11/16/1983,
126,Patricia,Female,,14.226,,,6:46 AM
127,Michelle,Female,57325,17.179,,3/30/1984,6:43 PM
128,William,Male,66521,,Human Resources,9/29/2002,
129,Kenneth,,,16.439,,,9:16 PM
130,Antonio,Male,60866,13.101,Business Development,10/25/1988,
131,Shirley,Female,41334,6.219,Human Resources,,1:15 PM
132,Rebecca,Female,,,Product,,12:23 AM
133,Carlos,Male,146670,10.763,,,7:02 AM
134,Lois,Female,106317,17.24,Client Services,12/25/1987,
135,Carolyn,Female,,2.65,,,5:38 AM
136,Gloria,Female,134148,,Legal,6/29/2007,
137,Henry,Male,43542,19.687,Legal,4/24/1995,
138,Adam,Male,95327,mila,Distribution,5/21/2011,1:45 AM
139,Ashley,Female,112238,6.03,Engineering,,11:30 AM
140,,Female,,,,,1:08 AM
141,Shirley,Female,113850,1.854,,2/28/1981,
142,,Male,110194,14.727,Product,12/24/1990,8:57 PM
143,Elizabeth,Female,146129,,Finance,,5:53 PM
144,Teresa,,,8.689,Engineering,1/28/2016,
145,Nicole,,122717,ronen,,,2:28 PM
146,Jennifer,Female,,,Client Services,,10:47 PM
147,Patricia,Female,95322,4.15,Product,11/25/1992,2:24 AM
148,Philip,Male,,3.996,Legal,7/17/2008,1:30 PM
149,Patrick,,124488,,Sales,,2:24 AM
150,,Female,86230,8.578,Distribution,8/17/2014,2:00 PM
151,Sean,Male,,19.934,Marketing,,
152,Brandon,,121333,15.295,,,8:17 PM
153,Ruth,Female,129297,,Client Services,8/19/1999,4:03 AM
154,Victor,,,10.489,Finance,,8:40 PM
155,Rebecca,Female,85730,5.359,,11/15/1980,
156,Marie,Female,,17.695,Business Development,,12:12 AM
157,,Male,105062,1.563,Human Resources,4/27/1992,1:10 AM
158,,Female,79536,,Product,7/27/2005,
159,Norma,Female,114412,8.756,,2/28/1999,8:45 PM
160,James,,68501,14.316,Marketing,,10:52 PM
161,Kathy,Female,,16.991,Finance,,7:26 PM
162,Marilyn,,103386,11.451,,8/22/1999,
163,Arthur,Male,89786,,Legal,4/13/1998,11:28 AM
164,Terry,Male,52226,19.135,Client Services,,9:15 PM
165,Mary,Female,,18.197,,8/13/1999,1:03 AM
166,,Female,59148,9.061,Legal,,
167,,Female,42341,,,,6:52 PM
168,Christopher,Male,142178,17.984,Sales,12/24/2011,12:22 PM
169,Peter,,38989,7.017,Marketing,,
170,Michelle,Female,53754,5.455,,,9:34 PM
171,Irene,Female,,,Sales,1/29/1992,11:36 AM
172,Patrick,Male,143499,17.495,,8/17/2007,
173,,Female,97058,,Finance,,6:17 PM
174,Lillian,Female,85446,,Engineering,12/21/2008,6:51 PM
175,,,,6.185,Client Services,9/18/2007,6:59 PM
176,Willie,Male,146651,15.48,,2/17/1998,
177,Victor,Male,124486,10.166,Product,,1:02 PM
178,Wayne,Male,102652,,Distribution,,8:00 AM
179,Jane,Female,,17.648,Product,,2:01 AM
180,Jessica,Female,68759,19.343,,10/23/1995,
181,Mark,Male,57286,,Business Development,,5:40 PM
182,Randy,Male,58129,1.952,Distribution,11/14/1999,
183,Lillian,Female,,12.184,,6/19/1999,4:44 PM
184,Ruth,,98233,2.518,Distribution,,5:56 AM
185,,Male,140810,,,12/18/2003,6:46 AM
186,Sandra,Female,42090,8.842,Legal,1/19/1983,7:25 AM
187,,Female,,1.825,Sales,,
188,Roger,Male,51430,,,11/19/2004,3:55 PM
189,Charles,Male,71749,15.931,,10/14/2000,9:40 PM
190,Clarence,Male,85700,1.215,,,3:16 AM
191,Carol,2,,,Finance,3/19/1996,3:39 AM
192,Lois,Female,36946,6.652,Engineering,10/18/2013,4:51 PM
193,Barbara,,99326,16.475,Legal,,
194,Rebecca,Female,109259,,,2/18/1995,6:50 AM
195,Irene,Female,131038,,,1/30/2004,8:25 PM
196,Ronald,Male,,12.757,Product,,2:19 PM
197,Steven,Male,,19.127,Client Services,,
198,Carolyn,8,,,Client Services,,3:51 AM
199,Maria,,36067,9.64,,12/27/1990,
200,Jonathan,Male,,16.736,,7/17/2009,8:15 AM
201,Gary,Male,89661,,Finance,,12:04 AM
202,Kimberly,,36643,,,7/15/1997,5:57 AM
203,Roger,Male,,5.084,Sales,,
204,Diana,Female,103521,tair,Business Development,,7:53 AM
205,Willie,,55281,,Marketing,,9:45 AM
206,,Male,115711,8.012,324,3/27/2006,
207,Patricia,Female,,8.399,Client Services,,4:01 AM
208,Katherine,,57531,1.767,,11/14/1999,
209,Jonathan,Male,141069,,Human Resources,,2:59 AM
210,Emily,Female,89434,11.295,Engineering,9/20/2007,11:25 AM
211,Ruth,,44639,9.148,Legal,,
212,Linda,Female,,,Human Resources,6/24/2006,12:04 PM
213,Lisa,Female,115387,1.821,,,9:42 AM
214,Evelyn,,81673,15.364,Engineering,5/24/1980,
215,Julie,Female,,3.55,741,7/23/1989,1:52 PM
216,Mary,Female,92544,,Client Services,,11:41 PM
217,Matthew,,142373,2.462,Marketing,7/31/2013,
218,Douglas,Male,,1.015,,,4:00 PM
219,Gregory,,98865,10.628,Finance,6/15/1992,5:08 AM
220,Billy,Male,120444,7.768,Finance,3/13/1995,
221,,Female,71945,,Marketing,,12:49 PM
222,Gregory,Male,109564,3.845,,1/29/2000,6:01 AM
223,Jason,,,3.067,Finance,10/17/1999,10:09 PM
224,Daniel,Male,106947,15.866,Legal,,
225,Sarah,,,,Distribution,9/14/1995,7:50 AM
226,Harry,Male,64579,15.266,,,
227,Kathy,Female,50905,9.404,Finance,4/19/1995,12:46 AM
228,Todd,Male,,,Client Services,,10:31 AM
229,Bobby,Male,51685,17.445,Engineering,9/23/1994,
230,Jeremy,Male,49542,1.679,Distribution,,12:15 AM
231,George,,38375,,,2/24/1988,11:29 AM
232,Diane,Female,64084,17.018,Product,4/18/1993,3:22 AM
233,Marilyn,Female,,10.263,Human Resources,,
234,Kathryn,,73935,14.752,Sales,,1:47 PM
235,,Female,40837,12.182,,,
236,Norma,Female,94393,,Engineering,,11:44 PM
237,Laura,Female,42087,2.624,Product,,1:57 PM
238,Cheryl,Female,,9.375,Legal,9/23/2008,
239,Kevin,Male,35061,5.128,,3/25/1982,7:31 AM
240,Lillian,,64164,17.612,Human Resources,3/25/1983,3:43 PM
241,Phyllis,,94088,,Distribution,,
242,Walter,Male,127813,5.961,Finance,3/25/1985,11:54 PM
243,Robert,Male,,18.428,Engineering,,7:15 PM
244,,Male,126310,5.413,,3/25/1987,
245,Clarence,Male,142561,,Client Services,,12:53 PM
246,Victor,Male,70817,17.138,Engineering,,7:44 AM
247,Fred,,,12.045,Human Resources,,2:03 PM
248,Brenda,,106115,3.742,Product,7/27/2010,11:07 PM
249,Justin,Male,82782,,,,5:58 PM
250,Betty,Female,104896,19.55,Business Development,,3:59 AM
251,Randy,,133943,8.94,Sales,,
252,Sharon,,,6.513,,,3:46 AM
253,Ralph,Male,71896,,Marketing,,1:35 AM
254,,,,10.391,Sales,4/28/2003,
255,Edward,Male,110485,7.995,Client Services,5/27/1985,10:13 PM
256,Denise,Female,115118,,Human Resources,3/20/2009,
257,Debra,Female,48696,4.75,,,11:16 PM
258,,Male,42676,15.517,Sales,11/25/1999,6:16 AM
259,Michael,Male,43586,12.659,,1/24/2002,3:04 AM
260,Henry,Male,89258,15.585,Human Resources,,8:34 AM
261,Gloria,Female,90730,,,3/27/2007,
262,Marie,Female,100308,,Product,,
263,Anne,Female,69134,3.723,Engineering,7/16/1986,2:08 PM
264,Sarah,,,,,,1:08 PM
265,Stephanie,Female,50141,13.218,Human Resources,3/24/1983,
266,Roy,Male,101941,3.45,Client Services,9/23/2004,1:31 PM
267,,Female,115145,14.063,,,8:14 AM
268,,Male,,16.044,Distribution,,
269,Irene,Female,56526,,Finance,,8:26 AM
270,,Female,145316,18.517,Human Resources,,8:35 PM
271,Thomas,Male,103235,,,,1:04 PM
272,Frank,,,12.062,Marketing,11/20/2001,10:18 AM
273,Fred,Male,74129,18.225,Product,2/20/1980,
274,Nicholas,Male,74669,,766,,8:21 PM
275,Howard,Male,97490,5.46,,,7:22 AM
276,Debra,Female,,18.456,Business Development,2/22/1994,10:25 PM
277,Christine,Female,94345,,Finance,,
278,Brenda,,82439,19.062,921,5/29/1991,6:32 AM
279,Betty,Female,,,,6/28/2005,6:03 PM
280,Ruby,Female,105946,1.139,Business Development,,
281,Kevin,Male,46080,,Business Development,,2:07 AM
282,Arthur,Male,,6.147,,,7:46 PM
283,Carl,,125104,12.345,Client Services,,
284,Todd,Male,107281,1.612,Engineering,,3:43 AM
285,Brenda,Female,141521,4.337,Client Services,,9:33 PM
286,Judy,Female,,,,9/16/1997,12:10 AM
287,Todd,Male,69989,10.985,Finance,,
288,,Female,147183,9.999,Client Services,,7:06 AM
289,Walter,,66757,18.099,Distribution,12/21/1999,10:33 PM
290,Jessica,Female,,,Legal,,
291,,Male,129460,13.657,,6/14/1988,6:20 PM
292,Tammy,Female,132839,17.463,Client Services,,10:30 AM
293,Anne,Female,44537,18.284,Client Services,,
294,,Male,118733,,,10/25/1999,3:35 PM
295,Virginia,Female,,19.154,Distribution,10/20/1999,6:23 AM
296,Jesse,Male,79582,3.873,Legal,,
297,Jeremy,,55394,3.18,Sales,,1:49 PM
298,Daniel,Male,123811,,Human Resources,9/15/2007,10:16 PM
299,Patrick,,137314,4.542,,,11:43 AM
300,Emily,Female,,19.028,Human Resources,1/13/1988,
301,Alan,Male,,3.592,Engineering,6/26/1988,3:54 AM
302,James,Male,72257,13.023,Engineering,,8:52 PM
303,Adam,Male,,,,,11:59 AM
304,Joan,,38712,3.657,Client Services,7/25/1980,
305,Jeremy,Male,46930,18.702,Finance,,12:05 AM
306,Margaret,Female,125220,,Marketing,,1:05 PM
307,Mark,Male,121477,17.44,Business Development,,1:21 PM
308,Marilyn,Female,86386,,,9/26/1981,2:23 AM
309,Cheryl,Female,81308,2.196,Legal,,10:16 AM
310,Benjamin,Male,84810,15.794,Marketing,,
311,,Male,,,Legal,2/20/1990,11:00 PM
312,Ernest,,72145,13.448,Finance,,1:51 AM
313,Gerald,Male,121604,1.923,Sales,4/16/2001,10:09 PM
314,Judy,Female,,13.457,,,
315,Bobby,Male,112117,,,3/31/1996,5:40 PM
316,Bobby,,108127,15.858,Client Services,,2:09 PM
317,Marie,Female,123711,10.966,Product,,8:05 PM
318,Kathy,Female,132381,,,12/18/2013,
319,Roy,,148225,1.841,Finance,,7:52 AM
320,Jacqueline,Female,,18.243,Marketing,11/25/1981,3:01 PM
321,,Female,62960,14.356,Sales,,11:40 PM
322,Julie,,56926,,Sales,3/23/1986,
323,,Male,41428,14.372,Product,,6:42 PM
324,Linda,Female,,3.041,Sales,12/16/1990,2:20 AM
325,Ruby,,76707,6.031,,,
326,Russell,Male,60388,17.885,Client Services,,1:48 AM
327,Jeffrey,Male,45150,12.075,Product,6/18/1997,8:01 PM
328,Aaron,Male,58755,5.097,Marketing,1/29/1994,6:48 PM
329,Samuel,,,5.319,Finance,,2:54 AM
330,,Male,87760,,,1/27/2010,
331,Randy,Male,135119,7.887,Client Services,3/16/2014,6:24 PM
332,Evelyn,,36759,17.269,Marketing,,1:58 PM
333,Fred,Male,,18.645,,2/13/1987,
334,Shirley,Female,110061,,Client Services,,2:25 AM
335,Todd,,85074,1.844,Client Services,5/23/2011,4:14 PM
336,Robert,Male,,19.93,,11/18/2014,5:00 AM
337,Mark,Male,75150,12.182,Legal,,
338,Earl,,91344,,Sales,,5:46 PM
339,Richard,Male,,10.717,Product,,1:41 AM
340,Michael,Male,98753,16.443,,11/22/1991,
341,Steven,,113060,,Sales,,
342,Carlos,Male,77327,11.58,Finance,9/19/2007,1:01 AM
343,Marie,Female,62666,10.247,Product,,10:09 PM
344,Ronald,Male,96633,4.99,Engineering,2/24/2009,2:09 PM
345,Scott,,58248,,,,4:36 AM
346,Steven,Male,83706,6.96,Human Resources,11/21/2006,8:30 AM
347,James,Male,,5.778,Human Resources,11/22/1998,
348,Lori,Female,,,Sales,3/31/1988,10:59 PM
349,Philip,,129968,19.897,,,11:21 AM
350,Phyllis,Female,140347,8.723,Sales,11/24/2005,11:57 PM
351,,,,3.95,Sales,8/31/1995,8:31 PM
352,Cynthia,Female,74287,,Sales,,11:03 PM
353,,Male,69906,4.844,,,
354,,Male,65078,3.095,Marketing,4/22/1997,9:36 PM
355,Elizabeth,Female,,1.782,Legal,,4:56 AM
356,Andrea,Female,115913,,Legal,9/14/2003,10:30 PM
357,Judy,Female,38092,5.668,Distribution,,
358,Russell,Male,121160,7.843,,8/13/2014,3:51 PM
359,Scott,Male,,,Product,12/17/2011,3:45 AM
360,Sarah,Female,64207,7.824,,,7:06 AM
361,Susan,Female,80688,18.892,,9/25/2004,1:30 AM
362,Margaret,Female,,,Sales,,6:01 AM
363,,Male,72893,9.555,,,6:32 AM
364,Justin,,96978,13.865,Finance,4/15/2005,
365,Juan,Male,97364,3.595,Product,4/16/2002,11:09 PM
366,Gloria,,140885,1.113,Human Resources,,1:57 AM
367,Jennifer,,,16.231,Client Services,1/24/1989,8:38 PM
368,Edward,Male,66067,10.957,,,
369,Marilyn,Female,147183,8.748,Business Development,12/17/1982,12:10 PM
370,Mary,Female,,12.484,Product,10/18/2009,6:32 PM
371,Linda,Female,144001,2.194,Business Development,,10:12 PM
372,Larry,,91133,,Sales,8/27/2003,
373,Albert,Male,67827,19.717,Engineering,,4:20 PM
374,Kenneth,Male,81839,12.072,653,4/13/1999,10:28 PM
375,,Female,81444,,,12/31/2006,11:02 PM
376,,,,4.805,Sales,,
377,Brandon,Male,112548,4.664,Engineering,10/16/2015,2:44 AM
378,Stephen,Male,111249,,Human Resources,,12:47 PM
379,Russell,Male,114334,9.669,Product,10/30/1994,5:46 AM
380,,Female,,4.537,,,
381,Pamela,,72979,5.66,Sales,7/15/2001,1:33 PM
382,Scott,Male,64172,10.894,Engineering,,1:50 AM
383,,Female,107024,,,4/18/1996,
384,Carlos,Male,50167,2.362,Product,7/28/2010,3:08 PM
385,Jack,Male,,15.723,Product,12/24/1980,10:58 PM
386,Debra,Female,70492,8.895,Client Services,,8:48 AM
387,Phyllis,Female,,,,1/15/1995,
388,Robert,Male,123294,19.894,Client Services,10/29/1994,4:26 AM
389,Gloria,Female,131045,11.312,Product,9/19/1989,7:40 PM
390,Sharon,,97635,,,,
391,Barbara,,,13.443,Sales,4/26/2001,12:22 AM
392,Marilyn,Female,140502,9.989,Sales,8/15/1989,9:14 AM
393,Ralph,Male,106310,4.03,Client Services,10/27/2010,10:28 AM
394,Harry,,46240,6.976,Engineering,,5:45 AM
395,Robin,Female,111163,5.025,,,2:12 AM
396,,Female,93753,7.094,Sales,11/25/2001,9:55 PM
397,Rose,Female,63494,,Human Resources,,3:57 PM
398,Clarence,Male,,13.835,Distribution,,
399,Doris,Female,85215,7.425,,7/29/1992,6:40 PM
400,Kathryn,Female,86439,7.799,Finance,,9:29 AM
401,Billy,,62913,18.241,Marketing,3/16/2004,8:21 AM
402,Norma,Female,38872,9.302,,4/16/1996,5:40 AM
403,Richard,,,14.272,Engineering,11/28/1992,
404,Craig,Male,113506,,Marketing,,4:45 AM
405,Sarah,,109980,8.86,,7/20/1990,10:49 PM
406,Sharon,Female,91522,7.564,Finance,,4:39 PM
407,Mary,Female,42214,,Business Development,8/22/2010,8:03 AM
408,,,83159,9.55,,2/23/2002,3:55 AM
409,Joe,Male,,1.62,Client Services,,
410,Jeremy,Male,47885,19.276,Human Resources,5/29/1994,6:24 AM
411,,Male,126232,,Sales,8/14/2012,11:25 AM
412,Kevin,Male,134598,11.699,,6/23/1981,8:26 PM
413,Jacqueline,Female,66604,14.609,Legal,,2:01 AM
414,Johnny,Male,,,Marketing,9/14/1992,8:21 AM
415,Gary,Male,49101,11.9,,,
416,Shirley,,67811,12.699,Finance,11/16/1990,6:01 PM
417,,Male,,5.966,Distribution,6/29/2008,5:23 AM
418,Sarah,,37748,9.047,Human Resources,,2:51 PM
419,Julia,Female,,2.664,,,
420,Dorothy,Female,140136,,Business Development,,10:50 PM
421,Justin,Male,121508,19.334,Finance,5/22/1986,6:30 AM
422,Kevin,Male,79906,18.021,Sales,11/20/1986,6:59 PM
423,Victor,Male,123144,,,,
424,Deborah,Female,,17.436,Client Services,11/25/1980,4:33 AM
425,Matthew,,79443,,,,7:35 AM
426,Alice,Female,51395,2.378,Finance,,
427,Todd,,134408,3.56,Human Resources,3/16/2016,2:45 PM
428,Frank,Male,,8.037,Sales,,
429,,Male,68028,,,5/13/1999,10:48 AM
430,Rose,Female,,5.63,Human Resources,5/28/2015,8:40 AM
431,Andrea,Female,79123,19.422,Distribution,,
432,Charles,Male,104014,,Legal,12/16/1999,8:28 PM
433,Jessica,,121160,12.993,Client Services,,8:45 PM
434,Wanda,Female,65362,7.132,,7/20/2008,1:44 PM
435,Joyce,Female,,14.227,,,7:38 AM
436,Billy,,144709,,Distribution,,3:32 PM
437,Kathryn,Female,53061,11.864,Finance,8/29/2007,
438,Denise,Female,36697,11.196,,,12:02 AM
439,Jason,Male,69244,,,11/20/1998,2:54 PM
440,Nicholas,,101036,2.826,Human Resources,,9:26 PM
441,Aaron,Male,,11.343,Client Services,7/22/1990,2:53 PM
442,Louise,Female,46666,1.886,Business Development,5/13/2003,9:47 AM
443,Julie,Female,73437,,,,
444,Kathy,Female,86318,18.492,Sales,,6:19 PM
445,,Male,76409,7.008,Distribution,,9:17 PM
446,,Male,,1.496,,,1:57 AM
447,Cheryl,Female,67150,,Marketing,8/16/1994,8:33 AM
448,Gregory,Male,,11.204,Engineering,5/15/2009,
449,Wayne,Male,81183,17.066,,,3:01 PM
450,Beverly,Female,107163,,Human Resources,11/30/2005,2:57 AM
451,Willie,Male,,19.691,Legal,,1:03 PM
452,Terry,,,,,7/15/2016,12:29 AM
453,Scott,Male,146812,1.965,Marketing,11/17/2012,
454,Annie,Female,40119,4.338,Human Resources,12/19/1994,6:19 AM
455,,Male,,10.429,,,
456,Ruth,Female,69579,18.029,Human Resources,10/24/2000,4:13 AM
457,Deborah,,101457,,,,
458,Patricia,Female,121232,16.624,Legal,,4:16 AM
459,Albert,Male,102626,15.843,Finance,9/30/2007,5:34 PM
460,Charles,,137171,5.574,Marketing,,1:00 PM
461,Tina,Female,88276,,Legal,1/17/2005,9:11 AM
462,Jeremy,Male,,13.946,,,3:56 AM
463,Craig,Male,125556,7.996,Engineering,4/14/1996,
464,Jose,Male,59862,3.269,Product,,9:15 AM
465,Lawrence,Male,74640,18.641,Marketing,5/13/2005,1:25 AM
466,Helen,Female,,4.188,,10/31/1997,
467,,Male,58789,5.461,Sales,,1:59 PM
468,Amy,Female,122897,8.222,Engineering,6/19/2002,3:06 AM
469,Janice,Female,,,Marketing,6/28/1997,1:48 PM
470,Stephen,Male,141958,9.078,Legal,,
471,Ryan,Male,139917,11.466,Distribution,7/20/1993,10:18 PM
472,Sharon,Female,147635,14.693,Human Resources,,6:32 AM
473,Joshua,Male,68230,8.047,,,7:22 PM
474,Clarence,Male,,8.457,Business Development,8/20/1992,8:23 PM
475,Jonathan,Male,,11.364,Engineering,,
476,Stephanie,Female,122121,7.937,,11/26/1992,12:54 AM
477,Kathy,Female,143541,,Human Resources,,
478,Albert,Male,,9.705,Business Development,8/14/2008,5:43 PM
479,Michael,Male,73354,18.357,Business Development,5/22/2011,10:42 AM
480,Richard,Male,47647,,,,
481,Amy,,106249,15.967,Sales,3/30/2008,10:54 PM
482,,Female,93847,1.085,Business Development,4/27/2013,6:40 AM
483,Beverly,,,,Product,,5:49 AM
484,,Female,115436,3.099,,4/26/1992,
485,Joe,Male,50645,11.119,Marketing,4/14/2000,3:14 PM
486,Ashley,Female,142415,,,8/15/1997,9:48 PM
487,Howard,Male,,2.021,Distribution,,
488,Cheryl,Female,71751,15.918,Business Development,,9:27 AM
489,Robert,Male,,,Legal,,
490,Sharon,Female,46007,19.731,,,9:50 AM
491,Judith,Female,117055,7.461,Marketing,11/23/2007,
492,Nicholas,,,,,,7:12 PM
493,Jerry,Male,121357,18.845,Business Development,1/30/1995,7:51 PM
494,Craig,Male,44857,,Finance,,11:31 PM
495,Barbara,Female,47322,7.25,Sales,3/21/2002,8:02 AM
496,Eugene,Male,81077,,Sales,,
497,Johnny,Male,76394,5.437,Marketing,,7:39 PM
498,Benjamin,Male,,7.123,,,3:28 PM
499,Diana,Female,41831,,Business Development,6/13/1994,4:21 PM
500,Barbara,,90187,14.764,,,
501,Christine,Female,,,Legal,,1:11 PM
502,Sean,Male,42748,9.765,Distribution,,7:07 PM
503,Sarah,Female,37259,1.763,Client Services,,
504,Roger,,125033,4.887,Marketing,,
505,,Female,38275,,Distribution,6/24/2014,10:05 AM
506,,Male,71520,13.248,,,1:17 PM
507,Donald,,,6.499,Client Services,7/14/1995,
508,Clarence,Male,103684,,Engineering,,12:11 AM
509,Scott,Male,96111,15.592,Human Resources,11/23/1996,7:36 PM
510,Ann,Female,90719,6.22,,,12:17 PM
511,Frank,Male,,17.07,Legal,4/27/2003,
512,Joe,Male,62161,8.13,Business Development,,7:32 AM
513,Wanda,Female,78883,19.695,,,3:11 AM
514,Jimmy,Male,63549,,,11/19/2013,
515,Amy,,63888,18.115,Product,12/25/1984,10:52 AM
516,Larry,Male,97370,10.458,Sales,,
517,Gloria,Female,66224,,Legal,,8:26 PM
518,Ruth,Female,97915,3.997,Human Resources,,10:07 AM
519,Diana,Female,,18.003,Product,1/19/1995,12:37 AM
520,Raymond,Male,37812,,Human Resources,2/16/2009,10:38 PM
521,Peter,Male,56580,8.411,,,9:09 AM
522,,,83895,17.971,Engineering,9/25/1981,9:59 AM
523,Catherine,Female,,,Distribution,8/31/2013,7:24 PM
524,Diane,Female,124889,15.026,Sales,,4:56 PM
525,Peter,,118840,14.509,,10/13/2014,
526,Steve,Male,67780,,Human Resources,8/22/1995,6:58 AM
527,Barbara,Female,144677,8.696,Finance,3/22/2004,8:11 AM
528,Helen,,,1.022,Product,,1:42 PM
529,Jimmy,,86676,,,,2:48 AM
530,Christopher,Male,82401,7.252,Client Services,4/23/2014,7:52 AM
531,Kathleen,Female,35575,14.595,Distribution,6/13/2014,9:16 AM
532,Virginia,Female,,10.154,Marketing,,
533,Lisa,Female,38078,,Product,2/26/2005,6:33 PM
534,Earl,Male,52620,13.773,,,9:03 PM
535,Gerald,,133366,12.292,Legal,,
536,Louise,Female,,,,9/18/1981,5:47 AM
537,Clarence,Male,146589,4.905,Business Development,8/26/1982,9:47 AM
538,,Female,51633,13.472,Business Development,,1:08 PM
539,Adam,Male,45181,3.491,Human Resources,9/14/1992,
540,Justin,Male,,3.459,,,10:30 AM
541,,Female,84746,,Finance,9/14/1994,3:30 AM
542,Ruby,,147362,7.851,Engineering,,3:36 AM
543,Amanda,Female,,14.077,Distribution,9/14/1996,
544,Anna,Female,117293,2.366,,,2:34 PM
545,Roger,Male,,13.32,Marketing,,5:11 PM
546,Julie,,93302,9.048,Product,,
547,Joseph,Male,102555,3.672,,,6:50 PM
548,Evelyn,Female,51525,,Finance,9/22/1998,
549,Janice,Female,41190,3.311,Sales,,9:06 PM
550,,Female,75484,3.186,Finance,2/25/1980,10:50 PM
551,Gregory,,82726,,Marketing,,
552,,Male,,19.122,,7/18/1985,6:36 AM
553,Barbara,Female,127297,11.905,Product,,3:41 PM
554,Amanda,Female,109290,13.853,Engineering,,7:46 AM
555,Phyllis,,99150,6.007,Client Services,10/25/1985,
556,Anne,Female,,,,,8:09 PM
557,,Male,66819,6.639,Marketing,12/16/2014,4:56 PM
558,Jane,,42424,18.115,,,8:39 AM
559,Linda,Female,,,Engineering,8/18/1985,4:34 AM
560,Ashley,Female,120675,6.51,Human Resources,11/17/1999,
561,Shawn,,96610,2.097,,,10:24 AM
562,Kathleen,Female,71430,8.572,Engineering,9/20/1996,3:45 PM
563,Sara,,87713,18.863,Legal,,
564,Randy,Male,,,Engineering,,7:39 PM
565,,Male,43414,7.563,,3/29/1985,6:57 PM
566,Marilyn,,87145,17.33,Human Resources,,
567,Johnny,Male,91124,12.986,Distribution,,1:35 PM
568,,Female,,12.605,,,8:04 PM
569,Susan,Female,90829,,Marketing,4/18/1986,
570,Ruby,Female,101262,6.773,,,3:42 AM
571,Kelly,,41427,1.431,Product,8/16/1996,
572,Jonathan,Male,,18.623,Marketing,,10:38 PM
573,Raymond,Male,114244,,Human Resources,1/13/1996,
574,Kimberly,Female,81800,5.435,,12/30/1981,4:51 AM
575,,Female,118736,7.421,Client Services,,1:01 PM
576,John,,,5.809,Product,1/22/1995,
577,Michael,Male,35013,14.879,,7/30/1993,5:35 PM
578,Jerry,Male,98393,,Client Services,,4:29 AM
579,Amanda,Female,107111,1.438,Product,3/17/1982,11:46 PM
580,,Male,,1.187,Legal,,8:45 PM
581,Harry,,65482,18.089,,1/27/1985,8:18 PM
582,Ernest,Male,81919,15.118,Marketing,,12:08 AM
583,,Male,,,Finance,11/19/1982,
584,Diane,Female,49501,13.506,Business Development,,6:14 PM
585,Jack,Male,70367,18.266,Legal,5/30/2012,3:17 AM
586,,Female,,2.754,Marketing,4/16/1988,
587,Rose,,56961,,,,
588,Cheryl,Female,98841,8.945,Client Services,,6:28 AM
589,Cynthia,Female,78226,2.419,Human Resources,5/23/1980,3:19 AM
590,Sandra,Female,116931,9.657,,4/24/1995,7:14 PM
591,,Female,,13.346,Business Development,,
592,Rachel,,110924,7.808,Distribution,4/22/1988,12:01 PM
593,Justin,Male,78351,15.221,Sales,,11:15 PM
594,Marie,Female,,4.644,Sales,11/23/2000,5:06 AM
595,Louis,Male,95198,2.075,,,5:02 AM
596,Nancy,Female,121006,3.512,Finance,,
597,Mark,Male,,6.752,Business Development,,5:31 AM
598,Teresa,Female,69740,8.294,,6/24/1987,7:37 PM
599,Frances,,91996,11.506,Product,7/21/2001,
600,,Female,,,Human Resources,,10:57 PM
601,Barbara,,90556,15.749,Distribution,12/20/1994,10:09 AM
602,Christine,,50366,9.862,Marketing,,6:00 PM
603,Bobby,,84232,15.704,,7/21/2003,3:50 PM
604,,,100888,12.49,Business Development,10/26/1991,8:11 AM
605,Bruce,Male,141335,15.427,,3/15/2013,11:13 PM
606,Rose,Female,97691,2.142,Client Services,,9:14 AM
607,Mildred,Female,47266,10.256,Client Services,2/21/1981,3:30 AM
608,,Male,139754,12.74,Sales,10/13/1983,11:59 PM
609,,Female,116236,,,,5:17 PM
610,Todd,Male,103405,15.91,Sales,2/16/2010,
611,Alan,,,10.084,Product,2/17/2012,12:26 AM
612,Elizabeth,,52730,12.525,Marketing,,3:58 AM
613,Julie,,60361,7.099,Distribution,10/21/2000,1:15 AM
614,Teresa,,63103,11.378,Finance,,3:47 PM
615,Eric,Male,,11.513,Distribution,,9:16 PM
616,Edward,Male,73105,6.083,Engineering,8/30/2001,1:24 AM
617,Kimberly,Female,37916,,Distribution,,
618,Kathy,Female,45682,1.451,,1/14/2001,5:11 AM
619,Peter,Male,69297,1.268,Finance,11/24/1992,5:43 PM
620,Beverly,,59070,19.064,Engineering,10/22/1990,
621,,Male,,8.4,Finance,,2:25 AM
622,Justin,Male,128036,18.824,Client Services,,11:00 PM
623,Irene,,89780,8.999,Sales,6/23/2005,
624,Irene,Female,125018,9.601,Legal,11/29/2006,
625,Jeremy,Male,,12.2,Sales,,
626,Cynthia,,82408,8.701,,6/29/2015,6:38 AM
627,,Female,131755,2.93,,4/13/1997,8:03 AM
628,Anne,Female,128305,,Marketing,,12:30 PM
629,,,,1.702,Distribution,,12:49 PM
630,Debra,,74911,19.513,Marketing,,12:19 PM
631,Michael,Male,47079,2.617,Legal,7/13/1988,
632,Jason,,82873,1.869,Client Services,,1:20 AM
633,Rebecca,Female,,6.878,Engineering,2/23/1990,3:21 PM
634,,Female,123591,6.5,Engineering,11/17/2011,
635,Carl,Male,75598,19.289,,,5:59 PM
636,Randy,Male,89831,13.047,,9/27/2000,3:04 AM
637,Marilyn,Female,,2.924,Engineering,,4:06 PM
638,,Male,126956,,Human Resources,,
639,Frances,Female,112467,1.433,Business Development,,6:08 PM
640,Amanda,,46665,19.391,Client Services,,2:15 PM
641,,Female,42553,3.756,,8/28/2004,10:49 AM
642,Amanda,Female,102081,5.203,Sales,1/25/1995,5:06 AM
643,Amanda,,135118,15.108,Finance,,9:17 AM
644,Shawn,Male,71975,9.77,,9/29/1987,10:11 PM
645,Katherine,Female,149908,18.912,Finance,8/13/1996,12:21 AM
646,,,,,Marketing,,9:19 AM
647,Elizabeth,Female,79145,19.78,Finance,2/21/2010,7:02 AM
648,Donald,Male,122920,5.32,,,10:00 AM
649,Gregory,Male,128031,15.857,,11/15/1999,
650,Ruth,Female,59969,14.064,Finance,2/17/2004,5:38 AM
651,Cynthia,,,,Finance,,1:24 AM
652,Deborah,Female,113129,17.371,Client Services,11/21/1985,1:40 PM
653,Willie,Male,141932,1.017,,,5:39 AM
654,Debra,Female,42296,,Product,5/28/2006,6:51 AM
655,Carl,Male,63395,11.411,Legal,12/14/1984,8:49 PM
656,Walter,Male,125382,13.613,,,11:16 PM
657,Lisa,,,17.108,Marketing,,6:44 PM
658,Rebecca,Female,46750,11.367,Sales,,10:33 AM
659,Jessica,Female,90285,13.591,Client Services,10/19/1986,
660,,,53692,4.785,,8/27/2009,3:41 PM
661,Mary,,100341,6.662,Distribution,,7:02 PM
662,Craig,Male,,4.225,Engineering,8/21/1995,2:38 AM
663,Katherine,Female,41643,,Distribution,12/19/2000,1:40 AM
664,Andrea,Female,113760,12.866,Distribution,8/31/1989,11:10 PM
665,Timothy,Male,49473,12.463,Legal,,10:49 PM
666,Anthony,Male,146141,,Distribution,2/13/2013,1:35 PM
667,Harold,,79459,7.776,Business Development,,11:02 AM
668,Douglas,,104496,14.771,Marketing,,2:03 AM
669,James,Male,67789,17.105,Legal,,7:06 AM
670,Joseph,,86564,,,3/28/1982,1:05 PM
671,,Female,135758,14.782,Client Services,9/14/2001,3:22 AM
672,Laura,Female,84672,3.96,Distribution,,
673,,Male,111580,10.982,Human Resources,,12:41 PM
674,Ralph,Male,50455,,,3/24/1996,11:54 AM
675,,Male,88733,1.932,Human Resources,8/28/2012,7:56 PM
676,Diane,Female,,12.791,Marketing,,6:56 PM
677,,Female,138925,9.801,Marketing,,10:04 AM
678,Jacqueline,Female,62371,15.77,,9/20/1994,6:07 PM
679,Brenda,Female,87715,,Product,4/17/1984,7:12 AM
680,Lori,Female,66029,3.345,Client Services,,7:36 AM
681,Albert,Male,86818,14.301,Engineering,6/17/1992,3:25 AM
682,Frank,Male,,17.398,Product,11/23/2002,6:10 PM
683,Deborah,Female,105573,5.268,Product,,
684,Robin,,41230,,,12/20/2005,2:42 PM
685,Alice,Female,117787,10.485,,1/21/2016,5:07 PM
686,,Male,88086,19.387,Finance,,9:37 AM
687,Paul,,91462,18.704,Finance,2/18/2011,12:23 PM
688,,Male,139959,8.992,Distribution,12/27/1996,7:07 AM
689,Brian,Male,93901,17.821,Legal,,10:47 PM
690,,,50529,17.263,Finance,,6:31 AM
691,Bruce,Male,,,Sales,1/28/2007,11:10 PM
692,Joan,Female,120941,3.694,Finance,,2:53 AM
693,,Male,118753,8.162,Sales,5/15/2007,
694,Alice,Female,92799,2.782,Sales,10/16/1995,9:19 PM
695,Barbara,Female,85718,13.326,Client Services,,12:35 AM
696,Sarah,Female,109517,5.146,Human Resources,,
697,Samuel,Male,85550,11.593,Marketing,5/25/2012,4:40 PM
698,,Male,136655,9.801,Distribution,5/23/1990,2:09 AM
699,Barbara,,43312,8.218,Legal,,5:13 AM
700,Amy,,102839,10.385,Distribution,5/19/1984,11:47 AM
701,Frank,Male,78891,7.927,Distribution,,9:15 PM
702,Robin,,93201,11.712,Legal,9/16/2005,1:26 AM
703,Debra,Female,84693,6.976,Finance,,1:12 PM
704,,,73587,9.769,Human Resources,5/31/2004,3:36 PM
705,Thomas,Male,65251,11.211,Distribution,,9:51 AM
706,Harry,Male,129148,15.193,Engineering,9/23/2015,1:36 AM
707,Todd,,128175,18.473,,,6:53 PM
708,Patricia,Female,75825,7.839,Engineering,,1:10 AM
709,Steve,Male,51821,1.197,Legal,,9:17 PM
710,,,60411,12.048,Human Resources,,
711,Edward,Male,58327,17.095,Finance,11/27/1997,1:00 AM
712,Karen,Female,46478,16.552,Engineering,,10:09 PM
713,Martin,,123963,15.745,Engineering,,4:17 AM
714,Ann,Female,79796,9.851,Distribution,9/28/1994,5:44 AM
715,Jonathan,Male,83809,12.922,Distribution,7/30/1984,6:02 PM
716,Peter,Male,77933,13.132,Engineering,,7:28 AM
717,Eric,Male,51070,13.806,Business Development,6/15/1993,3:56 AM
718,Jason,,97480,11.518,Human Resources,4/15/1988,8:16 PM
719,Terry,Male,58357,7.969,Engineering,,11:18 PM
720,John,Male,67165,13.001,Engineering,1/29/1999,3:07 AM
721,,,145988,18.685,Human Resources,,2:01 PM
722,Harold,Male,147417,11.626,Business Development,4/16/2010,5:13 AM
723,Joshua,Male,95003,5.197,Marketing,6/27/1997,
724,Brandon,,144187,11.416,Legal,,2:32 AM
725,,Female,37888,13.47,Engineering,,6:40 AM
726,Jeremy,,131513,1.876,Finance,5/19/1991,1:40 PM
727,Daniel,Male,77287,13,,2/29/2016,4:04 AM
728,,Male,46875,12.942,Sales,,1:22 PM
729,Dorothy,,82744,19.111,Client Services,,12:22 AM
730,,Male,43252,18.892,Client Services,,12:32 AM
731,Nicole,Female,66047,18.674,Marketing,4/26/2009,12:40 AM
732,Ann,Female,118431,12.772,Finance,7/16/2001,9:27 AM
733,Henry,,59943,1.432,Finance,,2:04 AM
734,,Male,136681,3.655,Business Development,6/17/2009,1:00 PM
735,,Female,138807,1.4,Human Resources,12/18/1994,
736,Barbara,Female,82884,6.837,Business Development,,5:32 AM
737,Judy,Female,48668,11.716,Product,,
738,Lawrence,Male,122971,14.618,Product,7/23/2011,3:41 AM
739,Joseph,Male,107050,12.737,Business Development,,11:12 PM
740,Carlos,Male,138598,14.737,Sales,,10:00 AM
741,Russell,,149456,3.533,Marketing,,11:59 AM
742,Jane,Female,128540,15.941,Legal,,7:02 PM
743,Martin,Male,61117,2.844,Client Services,2/25/2016,6:29 PM
744,Steven,Male,100949,13.813,Human Resources,5/30/1980,8:25 PM
745,Judy,,46829,5.19,Finance,,
746,James,Male,69111,14.625,Business Development,2/16/2008,
747,Gloria,Female,46602,1.027,Business Development,8/19/2004,10:31 AM
748,,Male,61181,16.559,Business Development,,1:46 PM
749,Martha,Female,94963,19.626,Business Development,7/17/1997,11:11 PM
750,Janet,,85789,9.712,Legal,1/25/1986,5:48 AM
751,Louis,,145274,16.379,Product,,6:39 PM
752,Tina,Female,102841,3.369,Client Services,,3:18 AM
753,,Male,49665,18.338,Business Development,2/23/2007,
754,Antonio,Male,41928,5.478,,,10:54 PM
755,Lisa,Female,128042,2.03,Legal,,1:04 AM
756,Denise,Female,86150,3.997,Client Services,2/19/1984,
757,,Male,121816,10.615,Distribution,10/21/1984,
758,Benjamin,Male,123409,7.783,Product,,11:32 PM
759,Carl,,98295,7.617,Legal,8/18/2007,8:01 AM
760,Ruth,Female,59678,10.895,Distribution,,6:52 AM
761,,Male,57871,4.02,Human Resources,12/29/2006,3:05 AM
762,Jennifer,Female,132084,10.006,Engineering,3/31/2015,7:43 PM
763,Terry,Male,35633,3.947,Distribution,,
764,Jacqueline,Female,125298,3.019,Legal,7/27/2008,12:08 PM
765,,Male,115582,15.343,Sales,,
766,Alice,,148339,11.479,Finance,4/23/1995,
767,Justin,Male,112975,9.699,Human Resources,7/25/1991,12:45 AM
768,,Female,36927,18.769,Client Services,,12:10 PM
769,Robin,Female,70248,9.66,Sales,3/26/2004,5:41 PM
770,Samuel,,141305,9.849,Marketing,,3:08 AM
771,,Female,72002,13.178,Product,9/22/2006,8:08 PM
772,Peter,Male,102577,12.026,Product,5/22/1991,1:39 AM
773,Lillian,Female,113554,18.018,Business Development,,5:41 AM
774,,Male,47176,10.736,Finance,10/24/1986,9:23 AM
775,,Female,106428,10.867,,6/18/2000,7:36 AM
776,Rose,Female,75181,6.06,Finance,,
777,Bobby,Male,79047,18.784,Human Resources,9/30/2004,
778,Kimberly,Female,52970,4.513,Sales,4/20/1986,3:55 PM
779,Antonio,Male,137979,5.266,Distribution,12/28/2003,4:17 AM
780,Doris,Female,114360,17.799,Business Development,,
781,Steven,Male,110306,16.843,Human Resources,,4:55 AM
782,Lawrence,Male,46378,9.127,,,10:55 PM
783,,Male,74104,17.68,Client Services,,4:41 PM
784,,,132505,13.592,Product,4/15/1991,3:39 AM
785,Stephanie,Female,96649,3.453,Sales,9/14/1982,8:14 AM
786,,Female,57811,8.941,Marketing,,
787,Sandra,Female,111468,2.58,Product,,4:17 PM
788,Kevin,Male,141498,4.135,Sales,,3:22 PM
789,Michelle,,124441,16.353,Business Development,3/31/2012,6:28 AM
790,Lisa,Female,40121,6.293,Product,,9:19 PM
791,Fred,Male,129712,11.058,Finance,,2:27 AM
792,,Male,126010,19.601,Legal,,9:46 PM
793,Anne,,122762,9.564,Distribution,4/18/1996,
794,Andrea,Female,149105,13.707,Distribution,7/22/1999,9:25 AM
795,Nicole,Female,44021,10.286,,,5:17 PM
796,,,42025,3.319,Human Resources,,10:16 AM
797,Catherine,Female,59970,12.801,Client Services,8/31/1986,6:20 PM
798,Rose,,145001,19.85,Engineering,12/31/1982,6:50 PM
799,,Male,102589,17.952,Marketing,,2:06 PM
800,Raymond,Male,47529,2.712,Product,,12:18 PM
801,,,148941,11.517,Product,,
802,Ryan,Male,91109,17.499,Human Resources,4/15/1988,5:18 AM
803,Jane,Female,51923,13.623,Business Development,,1:23 PM
804,Lois,Female,53954,19.075,Product,7/28/2012,
805,Shawn,,39335,10.664,Distribution,3/17/2008,2:12 PM
806,,Male,111371,15.081,Engineering,,9:29 AM
807,Kathryn,Female,86676,6.081,Sales,1/29/2008,12:29 AM
808,Mary,,115057,2.089,Finance,,8:32 AM
809,,Female,145357,3.459,Engineering,,5:13 AM
810,George,Male,36749,19.754,Finance,9/27/1995,5:04 PM
811,Ralph,,89854,7.227,Business Development,,
812,Judith,Female,134048,6.818,Marketing,,11:16 AM
813,,Male,141311,5.478,Product,12/13/1994,10:34 AM
814,Evelyn,Female,123621,19.767,Marketing,,4:44 AM
815,Rachel,Female,54941,3.221,Distribution,6/23/2011,12:52 AM
816,Maria,,106562,4,Human Resources,,8:36 PM
817,Kelly,Female,39371,4.068,Engineering,3/17/2007,6:20 PM
818,Ruby,Female,83112,4.083,Marketing,5/31/2008,8:41 PM
819,Ann,Female,96941,10.048,Distribution,,
820,Kenneth,Male,47232,17.862,Legal,12/14/1985,6:55 AM
821,William,Male,54058,5.182,Human Resources,11/18/1993,12:27 PM
822,,Female,80399,12.254,Distribution,,2:27 AM
823,Deborah,Female,118043,7.266,Business Development,2/26/2009,10:17 AM
824,,Male,109411,9.494,Engineering,,2:30 PM
825,Julia,Female,97566,2.147,Marketing,8/18/2014,
826,Robert,,69267,5.89,Sales,,1:20 AM
827,,,87103,5.665,,,1:35 AM
828,Jesse,,98811,7.487,Legal,7/16/2014,2:24 AM
829,Cynthia,Female,149684,7.864,Product,,8:55 AM
830,Johnny,Male,71383,2.097,Human Resources,1/14/2007,
831,Michael,Male,81206,19.908,Distribution,,1:20 AM
832,Kenneth,Male,69112,7.588,Finance,1/15/2015,2:41 PM
833,Keith,,120672,19.467,Legal,,3:02 PM
834,Gerald,Male,96511,9.331,Human Resources,5/28/2010,12:26 PM
835,,,49325,2.071,Business Development,,7:54 AM
836,Douglas,Male,132175,2.28,Engineering,,5:23 AM
837,Carolyn,Female,118037,13.492,Finance,3/17/2004,
838,Joseph,Male,139570,15.804,Finance,5/23/1985,10:16 PM
839,,Male,115280,9.153,Distribution,,3:14 PM
840,Joyce,Female,51065,16.807,Human Resources,7/25/2001,6:04 AM
841,Lillian,Female,103854,4.924,Distribution,,8:53 AM
842,Ruby,Female,48354,19.501,Business Development,8/13/2006,6:27 PM
843,Sandra,Female,132327,19.264,Product,,12:39 PM
844,Louise,Female,106362,8.965,Sales,2/26/1982,1:03 AM
845,Maria,,148857,8.738,Legal,6/19/1985,
846,Brenda,Female,131131,11.682,Client Services,,6:01 PM
847,Stephen,Male,129663,15.574,Human Resources,,10:42 PM
848,,,41449,4.707,Finance,,12:03 PM
849,Bobby,Male,93368,2.88,Product,,7:40 AM
850,Ernest,Male,53335,9.192,Product,,2:02 PM
851,,Male,148291,6.002,,,10:04 AM
852,Bobby,Male,147842,16.158,,8/19/1996,1:16 AM
853,Diana,Female,105066,17.343,Business Development,11/19/2004,8:47 AM
854,,,139284,11.39,,,
855,Harry,Male,63046,10.411,Finance,,7:46 PM
856,Phillip,,89700,2.277,,10/20/2003,
857,Bonnie,,108946,12.211,Finance,1/18/2006,6:52 PM
858,,Female,98406,7.943,Product,,6:28 PM
859,Sean,Male,108581,9.634,Human Resources,4/25/2006,4:51 PM
860,Robin,,41808,19.239,Business Development,,2:44 AM
861,Phillip,Male,36837,14.66,Marketing,,11:05 AM
862,Jerry,Male,140850,18.855,Finance,3/26/1989,4:15 AM
863,Ronald,,50426,18.536,Sales,,10:05 AM
864,,Male,134120,6.842,Human Resources,5/15/1984,6:15 AM
865,Ryan,Male,57292,6.01,,11/16/2012,1:47 PM
866,Karen,,80633,16.306,Legal,8/29/1997,4:56 PM
867,Bonnie,Female,131943,14.249,Client Services,,2:17 AM
868,,Male,48046,7.737,Marketing,6/15/2013,3:00 AM
869,Katherine,Female,97443,13.657,Product,8/18/2013,
870,Matthew,Male,135352,7.986,Business Development,,5:39 AM
871,,,107816,18.751,Marketing,11/19/1996,
872,Gerald,,96329,2.469,Engineering,3/29/2003,10:37 AM
873,Brenda,Female,73749,19.332,Business Development,1/18/2015,
874,,Male,75607,4.299,Sales,,6:05 PM
875,Melissa,Female,98858,3.525,Human Resources,,4:11 AM
876,Beverly,Female,76485,9.212,Engineering,,2:27 PM
877,Terry,,41238,8.219,Marketing,,4:41 PM
878,,Male,114896,13.823,Client Services,,7:36 AM
879,Jacqueline,Female,125418,8.064,Distribution,5/25/2003,7:13 PM
880,Amy,Female,75415,19.132,Client Services,5/20/2009,6:26 AM
881,Robert,,90998,8.382,Finance,,3:17 AM
882,Ruby,Female,142868,6.318,Marketing,1/28/1980,
883,Sara,,135990,14.344,Distribution,11/18/2014,2:47 PM
884,Kathryn,Female,57300,18.015,Marketing,,3:39 PM
885,Lisa,Female,73706,18.53,Finance,10/17/2003,1:42 PM
886,Juan,Male,85871,9.16,Product,,8:52 AM
887,,Male,96795,14.837,Sales,1/30/2014,
888,David,Male,92242,15.407,Legal,,8:48 AM
889,Marilyn,Female,115149,11.934,Legal,,12:32 AM
890,Margaret,Female,126924,1.552,Finance,,3:07 AM
891,,Male,145329,7.1,Finance,11/24/2015,
892,Timothy,Male,92587,8.475,Finance,8/25/1991,10:37 AM
893,Brandon,Male,60263,2.709,,,12:04 PM
894,Frank,,91406,,Business Development,7/27/2013,4:32 PM
895,Betty,Female,37005,7.645,Marketing,11/19/2002,
896,Janice,,,,,,6:02 PM
897,Victor,Male,45267,3.942,Sales,,5:01 PM
898,,,95296,10.146,Finance,2/28/1994,10:10 AM
899,Jane,Female,59680,15.211,Business Development,4/27/2012,2:12 PM
900,Walter,Male,144701,16.323,Marketing,,12:39 AM
901,Christina,,35477,18.178,Human Resources,6/23/2002,
902,Patricia,Female,119266,,,,4:52 PM
903,,Male,103877,6.322,Distribution,5/23/2001,7:52 PM
904,Heather,Female,,14.955,Human Resources,7/29/1983,10:48 AM
905,Stephanie,,136604,6.16,Human Resources,6/26/1988,5:48 AM
906,Alice,Female,121250,4.363,Finance,,12:49 AM
907,,Female,35884,,Sales,5/16/2014,
908,Elizabeth,,137144,10.081,Finance,7/27/1998,11:12 AM
909,Janice,Female,102697,3.283,Engineering,12/17/2009,6:42 AM
910,Donald,Male,61999,,Product,,2:25 AM
911,,Female,45223,8.879,,10/22/2002,1:20 AM
912,Carl,,,15.528,Business Development,,1:33 PM
913,Joe,Male,126120,1.02,,,
914,Lois,Female,99747,6.168,Marketing,,
915,,Female,71958,5.272,Distribution,9/28/2001,6:37 AM
916,Todd,Male,115566,,Client Services,,12:34 PM
917,Marilyn,Female,118369,7.696,Business Development,1/16/1996,7:18 AM
918,Shawn,Male,51667,6.339,Product,3/13/2008,5:36 PM
919,Ryan,,85858,19.475,,,3:41 AM
920,,Male,131423,8.957,Distribution,3/21/2009,11:38 AM
921,Rose,Female,,,Client Services,,
922,George,Male,50369,18.9,Sales,,5:40 AM
923,,Male,86615,3.412,Business Development,,8:44 AM
924,Irene,,135369,4.38,Business Development,2/28/1991,10:23 PM
925,Deborah,Female,60003,9.624,Client Services,,
926,,Female,95866,19.388,Sales,8/23/2000,4:19 PM
927,Judith,Female,109324,19.488,Distribution,,7:32 AM
928,Philip,Male,103557,,Business Development,,10:56 AM
929,Jeffrey,Male,111376,2.673,Business Development,9/20/1986,6:06 AM
930,Theresa,Female,,1.079,Legal,4/27/2001,9:17 PM
931,Nancy,Female,85213,2.386,,,11:57 PM
932,Harold,Male,140444,3.771,Distribution,6/23/2012,12:40 PM
933,Bonnie,Female,90427,2.01,Client Services,12/23/2008,
934,Doris,Female,141439,3.799,,,5:54 PM
935,Samuel,Male,43694,,Engineering,,12:40 PM
936,Alice,Female,131952,12.09,Engineering,3/23/1996,
937,,Female,,10.056,Business Development,3/14/2003,5:23 PM
938,Aaron,,63126,18.424,Client Services,1/22/1986,7:39 PM
939,Mark,,44836,2.657,Client Services,,
940,Ralph,,70635,2.147,Client Services,7/28/1995,6:53 PM
941,Andrew,Male,137386,8.611,Distribution,,9:38 AM
942,William,Male,104840,15.653,Engineering,6/26/1997,8:33 AM
943,Lori,Female,75498,6.537,Marketing,11/20/2015,
944,Wayne,Male,67471,2.728,Engineering,,11:09 AM
945,Kenneth,Male,,,,,8:24 AM
946,Gerald,,93712,17.426,Distribution,4/15/1989,
947,,Female,133472,16.941,Distribution,9/15/1985,1:50 AM
948,,,107351,5.329,Marketing,7/30/2012,
949,,Female,142410,11.048,Engineering,3/31/2006,1:24 PM
950,Scott,Male,37385,8.226,Business Development,,8:08 AM
951,Paula,,58423,,Business Development,5/21/1983,11:42 AM
952,,Female,143638,9.662,,9/14/2010,
953,Teresa,Female,,,,,3:17 PM
954,Randy,Male,,,Product,2/25/2012,5:33 AM
955,Joe,,119667,1.148,Finance,1/19/1980,4:06 PM
956,Sarah,Female,127118,11.176,Legal,,
957,Beverly,,80838,8.115,Engineering,10/17/1986,12:51 AM
958,Jeffrey,,,15.901,,,
959,,Female,39833,9.631,Engineering,10/24/1987,4:43 AM
960,Albert,Male,45094,5.85,,9/19/1992,2:35 AM
961,Stephen,Male,,18.093,Business Development,,
962,Antonio,,103050,3.05,Legal,6/18/1989,9:37 PM
963,Jonathan,Male,121797,16.923,Product,8/21/2013,12:45 AM
964,Ann,Female,89443,17.94,Sales,9/23/1994,11:15 AM
965,Bruce,,35802,12.391,Sales,,
966,Catherine,Female,68164,18.393,,9/25/1989,1:31 AM
967,Louis,Male,,9.146,Human Resources,8/16/2011,5:19 PM
968,Thomas,,105681,19.572,,,3:10 PM
969,Louise,Female,43050,11.671,Distribution,3/27/1995,
970,,Female,44486,,Engineering,,
971,Alice,Female,63571,15.397,Product,,8:54 PM
972,Patrick,Male,,5.368,,12/30/2002,2:01 AM
973,Victor,,76381,11.159,Sales,7/28/2006,2:49 PM
974,Russell,Male,137359,11.105,Business Development,,
975,Harry,Male,67656,16.455,,8/30/2011,6:31 PM
976,Susan,Female,92436,12.467,Sales,,10:05 PM
977,,,137954,4.195,Legal,10/19/1992,5:42 AM
978,Sarah,Female,,5.949,,,
979,Sean,Male,66146,11.178,Human Resources,1/17/1983,2:23 PM
980,Ernest,Male,142935,13.198,,7/20/2013,6:41 AM
981,Kimberly,,46233,,Engineering,,12:57 AM
982,,Male,148985,19.28,Legal,1/15/1993,
983,Rose,Female,91411,,,,10:43 AM
984,John,Male,146907,11.738,Engineering,12/23/1982,10:35 PM
985,Maria,Female,,13.04,Engineering,10/15/2011,4:53 PM
986,Stephen,,85668,,Legal,,8:10 PM
987,Donna,Female,82871,17.999,Marketing,11/26/1982,
988,Gloria,,136709,10.331,Finance,,5:08 AM
989,Alice,Female,47638,,Human Resources,,9:34 AM
990,Justin,,38344,3.794,Legal,,4:58 PM
991,Robin,Female,100765,10.982,,7/24/1987,1:35 PM
992,,Female,134505,,Marketing,8/25/2002,
993,Anthony,Male,,11.625,Finance,10/16/2011,8:35 AM
994,Tina,,56450,19.04,Engineering,,3:53 PM
995,George,Male,98874,4.479,,6/21/2013,5:47 PM
996,Henry,,,16.655,Distribution,11/23/2014,6:09 AM
997,Phillip,Male,42392,19.675,Finance,1/31/1984,6:30 AM
998,Russell,Male,96914,,,,
999,Larry,,60500,11.985,Business Development,4/20/2013,4:45 PM
1000,,Male,129949,10.169,Sales,5/15/2012,6:24 PM
