ID,First Name,Gender,Salary,Bonus %,Team,Start Date,Last Login Time
3,Maria,Female,130590.0,11.858,Finance,4/23/1993,11:17 AM
4,Jerry,Female,90335.26726342711,9.34,Finance,1/26/2005,10:09 PM
5,Larry,Male,101004.0,10.360060723514211,Client Services,1/24/1998,4:47 PM
6,Dennis,Male,90335.26726342711,10.125,Finance,1/26/2005,1:35 AM
8,Marilyn,Female,45906.0,11.598,Finance,7/20/2015,10:43 AM
10,Marilyn,Female,139852.0,7.524,Business Development,1/26/2005,10:09 PM
12,Julie,Female,102508.0,10.360060723514211,Legal,10/26/1997,10:09 PM
13,Brandon,Male,90335.26726342711,17.492,Human Resources,1/26/2005,1:08 AM
15,Kimberly,Female,41426.0,10.360060723514211,Finance,1/26/2005,7:13 AM
16,Marilyn,Female,90335.26726342711,1.256,Finance,1/26/2005,6:09 AM
17,Marilyn,Male,90370.0,7.369,Human Resources,9/21/2010,5:56 AM
18,Shawn,Male,111737.0,10.360060723514211,Finance,1/26/2005,10:09 PM
19,Diana,Female,132940.0,19.082,Finance,10/23/1981,10:27 AM
22,Matthew,Male,90335.26726342711,13.645,Finance,1/26/2005,2:12 AM
24,Marilyn,Male,125792.0,10.360060723514211,Finance,6/14/2012,4:19 PM
25,John,Male,90335.26726342711,13.873,Client Services,1/26/2005,10:08 PM
26,Marilyn,Male,37076.0,10.360060723514211,Finance,1/26/2005,1:12 AM
27,Craig,Male,90335.26726342711,7.757,Marketing,2/27/2000,10:09 PM
29,Terry,Male,90335.26726342711,13.464,Client Services,11/27/1981,10:09 PM
30,Benjamin,Male,79529.0,10.360060723514211,Legal,1/26/2005,10:09 PM
31,Christina,Female,118780.0,9.096,Engineering,1/26/2005,1:19 PM
32,Joyce,Female,88657.0,10.360060723514211,Finance,2/20/2005,10:09 PM
34,Jean,Female,119082.0,16.18,Business Development,1/26/2005,9:07 AM
35,Jerry,Male,95734.0,10.360060723514211,Client Services,1/26/2005,10:09 PM
36,Theresa,Female,90335.26726342711,16.675,Finance,1/26/2005,1:12 AM
37,Marilyn,Female,142032.0,10.360060723514211,Business Development,2/16/2009,10:09 PM
38,Linda,Female,90335.26726342711,9.557,Finance,10/19/1981,8:49 PM
39,Stephanie,Female,36844.0,10.360060723514211,Business Development,1/26/2005,1:52 AM
40,Marilyn,Male,122173.0,7.797,Finance,1/29/2016,10:09 PM
42,Christine,Female,66582.0,10.360060723514211,Finance,1/26/2005,10:09 PM
43,Beverly,Female,90335.26726342711,15.835,Finance,1/26/2005,8:26 PM
44,Marilyn,Female,73524.0,5.207,Marketing,1/26/2005,3:16 AM
45,Cynthia,Female,145146.0,10.360060723514211,Product,11/16/1988,10:09 PM
47,Bruce,Male,114796.0,6.796,Finance,11/28/2009,10:47 PM
48,Kathy,Female,66820.0,10.360060723514211,Client Services,1/26/2005,10:09 PM
50,Marilyn,Female,90335.26726342711,3.055,Finance,1/24/1980,10:09 PM
51,Nancy,Female,94976.0,10.360060723514211,Engineering,1/26/2005,8:05 AM
53,Todd,Male,90335.26726342711,1.695,Human Resources,2/18/1990,2:41 AM
54,Alan,Female,40341.0,10.360060723514211,Finance,1/26/2005,1:28 PM
57,Carl,Male,90335.26726342711,10.360060723514211,Finance,1/26/2005,5:55 PM
58,Henry,Male,64715.0,15.107,Finance,6/26/1996,10:09 PM
59,Theresa,Female,72670.0,1.481,Engineering,1/26/2005,7:18 AM
60,Irene,Female,90335.26726342711,10.360060723514211,Engineering,1/26/2005,9:32 AM
61,Paula,Female,48866.0,4.271,Finance,11/23/2005,10:09 PM
62,Marilyn,Female,90335.26726342711,10.360060723514211,Business Development,1/26/2005,12:03 PM
63,Marilyn,Female,58112.0,19.414,Marketing,1/26/2005,10:09 PM
64,Matthew,Male,90335.26726342711,18.04,Human Resources,1/26/2005,10:33 PM
65,Kathleen,Female,77834.0,10.360060723514211,Finance,1/26/2005,10:09 PM
67,Nancy,Female,125250.0,2.672,Finance,12/15/2012,11:57 PM
68,Rachel,Female,51178.0,10.360060723514211,Finance,8/16/1999,6:53 AM
69,Jose,Male,90335.26726342711,14.33,Finance,10/30/2004,1:39 PM
70,Irene,Female,100863.0,10.360060723514211,Finance,7/14/2015,4:31 PM
71,Todd,Female,84692.0,6.617,Client Services,1/26/2005,2:26 PM
72,Johnny,Male,118172.0,10.360060723514211,Finance,1/26/2005,4:23 PM
73,Bobby,Male,90335.26726342711,3.833,Product,1/26/2005,10:01 AM
74,Frances,Female,90582.0,4.709,Sales,1/26/2005,4:19 PM
75,Marilyn,Male,62096.0,10.360060723514211,Finance,1/26/2005,2:24 PM
76,Bonnie,Female,90335.26726342711,5.118,Human Resources,1/26/2005,1:27 AM
77,Margaret,Female,131604.0,7.353,Distribution,1/26/2005,12:42 PM
78,Charles,Male,107391.0,1.26,Finance,9/14/2004,8:13 PM
79,Robin,Female,90335.26726342711,10.360060723514211,Sales,1/26/2005,3:15 PM
80,Bonnie,Female,115814.0,4.99,Product,11/13/1988,3:30 PM
81,Gerald,Female,90335.26726342711,15.602,Finance,3/17/1995,12:50 AM
82,Christopher,Male,47369.0,10.360060723514211,Legal,1/26/2005,10:52 AM
83,Steven,Male,35095.0,8.379,Finance,3/30/1980,9:20 PM
84,Shawn,Male,90335.26726342711,6.539,Finance,1/26/2005,2:55 AM
85,Doris,Female,90335.26726342711,10.360060723514211,Finance,8/20/2004,5:51 AM
86,Jeremy,Male,100238.0,3.887,Finance,1/26/2005,8:50 AM
87,Annie,Female,90335.26726342711,17.29,Business Development,9/29/2007,12:11 AM
88,Annie,Female,144887.0,10.360060723514211,Sales,1/26/2005,2:05 AM
90,Janice,Female,90335.26726342711,10.360060723514211,Legal,1/26/2005,12:40 AM
92,James,Female,90335.26726342711,8.309,Finance,1/26/2005,11:00 PM
93,Linda,Female,119009.0,12.506,Business Development,5/25/2000,5:45 PM
94,Virginia,Female,111858.0,1.601,Legal,1/26/2005,5:58 PM
95,Harry,Male,130620.0,2.11,Legal,8/26/1981,3:16 PM
96,Heather,Female,90335.26726342711,14.166,Client Services,1/26/2005,2:17 PM
97,Cynthia,Female,142321.0,10.360060723514211,Finance,3/21/1994,8:34 AM
98,Laura,Female,140371.0,10.62,Marketing,1/26/2005,9:23 PM
99,Tina,Female,90335.26726342711,16.961,Marketing,6/16/2016,7:47 PM
100,Harold,Male,90335.26726342711,10.360060723514211,Finance,1/26/2005,9:40 PM
101,Marilyn,Female,48109.0,14.995,Finance,6/21/2005,6:33 AM
102,Aaron,Male,61602.0,10.360060723514211,Marketing,1/26/2005,10:20 AM
103,Jack,Male,90335.26726342711,12.159,Finance,1/26/2005,5:51 AM
104,Phyllis,Female,136984.0,10.360060723514211,Finance,1/26/2005,9:30 PM
105,John,Male,80740.0,19.305,Marketing,12/23/1989,7:01 AM
106,Kathy,Female,90335.26726342711,8.567,Finance,1/26/2005,4:33 AM
107,Paul,Male,42146.0,10.360060723514211,Legal,1/26/2005,7:25 PM
108,Steven,Male,68680.0,16.565,Legal,4/23/2013,10:12 PM
109,Russell,Female,133980.0,12.396,Legal,1/26/2005,7:57 AM
110,Christopher,Male,90335.26726342711,10.360060723514211,Finance,4/22/2000,10:15 AM
111,Shirley,Female,147113.0,16.135,Legal,6/20/2001,10:39 PM
113,Willie,Male,64363.0,4.023,Finance,11/27/2003,6:21 AM
114,Tina,Female,90335.26726342711,10.360060723514211,Finance,1/26/2005,7:16 AM
115,Ashley,Female,58698.0,6.811,Business Development,1/26/2005,11:00 AM
116,Pamela,Female,90335.26726342711,4.166,Product,1/26/2005,6:51 AM
117,Marilyn,Female,76189.0,18.988,Legal,6/22/1991,8:58 PM
118,Steven,Male,90335.26726342711,10.360060723514211,Finance,1/26/2005,3:03 PM
119,Andrea,Female,120204.0,9.557,Finance,1/26/2005,10:09 PM
120,Marilyn,Male,41054.0,12.299,Marketing,1/26/2005,10:09 PM
121,Peter,Male,84885.0,10.360060723514211,Business Development,11/17/1994,6:15 PM
122,Kathleen,Female,90335.26726342711,18.74,Finance,1/26/2005,8:55 AM
123,Christina,Female,110169.0,13.892,Engineering,1/26/2005,10:09 PM
124,Helen,Female,73789.0,14.841,Product,11/29/2001,2:30 AM
125,Marilyn,Female,76078.0,10.360060723514211,Product,11/16/1983,10:09 PM
126,Patricia,Female,90335.26726342711,14.226,Finance,1/26/2005,6:46 AM
127,Michelle,Female,57325.0,17.179,Finance,3/30/1984,6:43 PM
128,William,Male,66521.0,10.360060723514211,Human Resources,9/29/2002,10:09 PM
129,Kenneth,Female,90335.26726342711,16.439,Finance,1/26/2005,9:16 PM
130,Antonio,Male,60866.0,13.101,Business Development,10/25/1988,10:09 PM
131,Shirley,Female,41334.0,6.219,Human Resources,1/26/2005,1:15 PM
132,Rebecca,Female,90335.26726342711,10.360060723514211,Product,1/26/2005,12:23 AM
133,Carlos,Male,146670.0,10.763,Finance,1/26/2005,7:02 AM
134,Lois,Female,106317.0,17.24,Client Services,12/25/1987,10:09 PM
135,Carolyn,Female,90335.26726342711,2.65,Finance,1/26/2005,5:38 AM
136,Gloria,Female,134148.0,10.360060723514211,Legal,6/29/2007,10:09 PM
137,Henry,Male,43542.0,19.687,Legal,4/24/1995,10:09 PM
139,Ashley,Female,112238.0,6.03,Engineering,1/26/2005,11:30 AM
140,Marilyn,Female,90335.26726342711,10.360060723514211,Finance,1/26/2005,1:08 AM
141,Shirley,Female,113850.0,1.854,Finance,2/28/1981,10:09 PM
142,Marilyn,Male,110194.0,14.727,Product,12/24/1990,8:57 PM
143,Elizabeth,Female,146129.0,10.360060723514211,Finance,1/26/2005,5:53 PM
144,Teresa,Female,90335.26726342711,8.689,Engineering,1/28/2016,10:09 PM
146,Jennifer,Female,90335.26726342711,10.360060723514211,Client Services,1/26/2005,10:47 PM
147,Patricia,Female,95322.0,4.15,Product,11/25/1992,2:24 AM
148,Philip,Male,90335.26726342711,3.996,Legal,7/17/2008,1:30 PM
149,Patrick,Female,124488.0,10.360060723514211,Sales,1/26/2005,2:24 AM
150,Marilyn,Female,86230.0,8.578,Distribution,8/17/2014,2:00 PM
151,Sean,Male,90335.26726342711,19.934,Marketing,1/26/2005,10:09 PM
152,Brandon,Female,121333.0,15.295,Finance,1/26/2005,8:17 PM
153,Ruth,Female,129297.0,10.360060723514211,Client Services,8/19/1999,4:03 AM
154,Victor,Female,90335.26726342711,10.489,Finance,1/26/2005,8:40 PM
155,Rebecca,Female,85730.0,5.359,Finance,11/15/1980,10:09 PM
156,Marie,Female,90335.26726342711,17.695,Business Development,1/26/2005,12:12 AM
157,Marilyn,Male,105062.0,1.563,Human Resources,4/27/1992,1:10 AM
158,Marilyn,Female,79536.0,10.360060723514211,Product,7/27/2005,10:09 PM
159,Norma,Female,114412.0,8.756,Finance,2/28/1999,8:45 PM
160,James,Female,68501.0,14.316,Marketing,1/26/2005,10:52 PM
161,Kathy,Female,90335.26726342711,16.991,Finance,1/26/2005,7:26 PM
162,Marilyn,Female,103386.0,11.451,Finance,8/22/1999,10:09 PM
163,Arthur,Male,89786.0,10.360060723514211,Legal,4/13/1998,11:28 AM
164,Terry,Male,52226.0,19.135,Client Services,1/26/2005,9:15 PM
165,Mary,Female,90335.26726342711,18.197,Finance,8/13/1999,1:03 AM
166,Marilyn,Female,59148.0,9.061,Legal,1/26/2005,10:09 PM
167,Marilyn,Female,42341.0,10.360060723514211,Finance,1/26/2005,6:52 PM
168,Christopher,Male,142178.0,17.984,Sales,12/24/2011,12:22 PM
169,Peter,Female,38989.0,7.017,Marketing,1/26/2005,10:09 PM
170,Michelle,Female,53754.0,5.455,Finance,1/26/2005,9:34 PM
171,Irene,Female,90335.26726342711,10.360060723514211,Sales,1/29/1992,11:36 AM
172,Patrick,Male,143499.0,17.495,Finance,8/17/2007,10:09 PM
173,Marilyn,Female,97058.0,10.360060723514211,Finance,1/26/2005,6:17 PM
174,Lillian,Female,85446.0,10.360060723514211,Engineering,12/21/2008,6:51 PM
175,Marilyn,Female,90335.26726342711,6.185,Client Services,9/18/2007,6:59 PM
176,Willie,Male,146651.0,15.48,Finance,2/17/1998,10:09 PM
177,Victor,Male,124486.0,10.166,Product,1/26/2005,1:02 PM
178,Wayne,Male,102652.0,10.360060723514211,Distribution,1/26/2005,8:00 AM
179,Jane,Female,90335.26726342711,17.648,Product,1/26/2005,2:01 AM
180,Jessica,Female,68759.0,19.343,Finance,10/23/1995,10:09 PM
181,Mark,Male,57286.0,10.360060723514211,Business Development,1/26/2005,5:40 PM
182,Randy,Male,58129.0,1.952,Distribution,11/14/1999,10:09 PM
183,Lillian,Female,90335.26726342711,12.184,Finance,6/19/1999,4:44 PM
184,Ruth,Female,98233.0,2.518,Distribution,1/26/2005,5:56 AM
185,Marilyn,Male,140810.0,10.360060723514211,Finance,12/18/2003,6:46 AM
186,Sandra,Female,42090.0,8.842,Legal,1/19/1983,7:25 AM
187,Marilyn,Female,90335.26726342711,1.825,Sales,1/26/2005,10:09 PM
188,Roger,Male,51430.0,10.360060723514211,Finance,11/19/2004,3:55 PM
189,Charles,Male,71749.0,15.931,Finance,10/14/2000,9:40 PM
190,Clarence,Male,85700.0,1.215,Finance,1/26/2005,3:16 AM
192,Lois,Female,36946.0,6.652,Engineering,10/18/2013,4:51 PM
193,Barbara,Female,99326.0,16.475,Legal,1/26/2005,10:09 PM
194,Rebecca,Female,109259.0,10.360060723514211,Finance,2/18/1995,6:50 AM
195,Irene,Female,131038.0,10.360060723514211,Finance,1/30/2004,8:25 PM
196,Ronald,Male,90335.26726342711,12.757,Product,1/26/2005,2:19 PM
197,Steven,Male,90335.26726342711,19.127,Client Services,1/26/2005,10:09 PM
199,Maria,Female,36067.0,9.64,Finance,12/27/1990,10:09 PM
200,Jonathan,Male,90335.26726342711,16.736,Finance,7/17/2009,8:15 AM
201,Gary,Male,89661.0,10.360060723514211,Finance,1/26/2005,12:04 AM
202,Kimberly,Female,36643.0,10.360060723514211,Finance,7/15/1997,5:57 AM
203,Roger,Male,90335.26726342711,5.084,Sales,1/26/2005,10:09 PM
205,Willie,Female,55281.0,10.360060723514211,Marketing,1/26/2005,9:45 AM
207,Patricia,Female,90335.26726342711,8.399,Client Services,1/26/2005,4:01 AM
208,Katherine,Female,57531.0,1.767,Finance,11/14/1999,10:09 PM
209,Jonathan,Male,141069.0,10.360060723514211,Human Resources,1/26/2005,2:59 AM
210,Emily,Female,89434.0,11.295,Engineering,9/20/2007,11:25 AM
211,Ruth,Female,44639.0,9.148,Legal,1/26/2005,10:09 PM
212,Linda,Female,90335.26726342711,10.360060723514211,Human Resources,6/24/2006,12:04 PM
213,Lisa,Female,115387.0,1.821,Finance,1/26/2005,9:42 AM
214,Evelyn,Female,81673.0,15.364,Engineering,5/24/1980,10:09 PM
216,Mary,Female,92544.0,10.360060723514211,Client Services,1/26/2005,11:41 PM
217,Matthew,Female,142373.0,2.462,Marketing,7/31/2013,10:09 PM
218,Douglas,Male,90335.26726342711,1.015,Finance,1/26/2005,4:00 PM
219,Gregory,Female,98865.0,10.628,Finance,6/15/1992,5:08 AM
220,Billy,Male,120444.0,7.768,Finance,3/13/1995,10:09 PM
221,Marilyn,Female,71945.0,10.360060723514211,Marketing,1/26/2005,12:49 PM
222,Gregory,Male,109564.0,3.845,Finance,1/29/2000,6:01 AM
223,Jason,Female,90335.26726342711,3.067,Finance,10/17/1999,10:09 PM
224,Daniel,Male,106947.0,15.866,Legal,1/26/2005,10:09 PM
225,Sarah,Female,90335.26726342711,10.360060723514211,Distribution,9/14/1995,7:50 AM
226,Harry,Male,64579.0,15.266,Finance,1/26/2005,10:09 PM
227,Kathy,Female,50905.0,9.404,Finance,4/19/1995,12:46 AM
228,Todd,Male,90335.26726342711,10.360060723514211,Client Services,1/26/2005,10:31 AM
229,Bobby,Male,51685.0,17.445,Engineering,9/23/1994,10:09 PM
230,Jeremy,Male,49542.0,1.679,Distribution,1/26/2005,12:15 AM
231,George,Female,38375.0,10.360060723514211,Finance,2/24/1988,11:29 AM
232,Diane,Female,64084.0,17.018,Product,4/18/1993,3:22 AM
233,Marilyn,Female,90335.26726342711,10.263,Human Resources,1/26/2005,10:09 PM
234,Kathryn,Female,73935.0,14.752,Sales,1/26/2005,1:47 PM
235,Marilyn,Female,40837.0,12.182,Finance,1/26/2005,10:09 PM
236,Norma,Female,94393.0,10.360060723514211,Engineering,1/26/2005,11:44 PM
237,Laura,Female,42087.0,2.624,Product,1/26/2005,1:57 PM
238,Cheryl,Female,90335.26726342711,9.375,Legal,9/23/2008,10:09 PM
239,Kevin,Male,35061.0,5.128,Finance,3/25/1982,7:31 AM
240,Lillian,Female,64164.0,17.612,Human Resources,3/25/1983,3:43 PM
241,Phyllis,Female,94088.0,10.360060723514211,Distribution,1/26/2005,10:09 PM
242,Walter,Male,127813.0,5.961,Finance,3/25/1985,11:54 PM
243,Robert,Male,90335.26726342711,18.428,Engineering,1/26/2005,7:15 PM
244,Marilyn,Male,126310.0,5.413,Finance,3/25/1987,10:09 PM
245,Clarence,Male,142561.0,10.360060723514211,Client Services,1/26/2005,12:53 PM
246,Victor,Male,70817.0,17.138,Engineering,1/26/2005,7:44 AM
247,Fred,Female,90335.26726342711,12.045,Human Resources,1/26/2005,2:03 PM
248,Brenda,Female,106115.0,3.742,Product,7/27/2010,11:07 PM
249,Justin,Male,82782.0,10.360060723514211,Finance,1/26/2005,5:58 PM
250,Betty,Female,104896.0,19.55,Business Development,1/26/2005,3:59 AM
251,Randy,Female,133943.0,8.94,Sales,1/26/2005,10:09 PM
252,Sharon,Female,90335.26726342711,6.513,Finance,1/26/2005,3:46 AM
253,Ralph,Male,71896.0,10.360060723514211,Marketing,1/26/2005,1:35 AM
254,Marilyn,Female,90335.26726342711,10.391,Sales,4/28/2003,10:09 PM
255,Edward,Male,110485.0,7.995,Client Services,5/27/1985,10:13 PM
256,Denise,Female,115118.0,10.360060723514211,Human Resources,3/20/2009,10:09 PM
257,Debra,Female,48696.0,4.75,Finance,1/26/2005,11:16 PM
258,Marilyn,Male,42676.0,15.517,Sales,11/25/1999,6:16 AM
259,Michael,Male,43586.0,12.659,Finance,1/24/2002,3:04 AM
260,Henry,Male,89258.0,15.585,Human Resources,1/26/2005,8:34 AM
261,Gloria,Female,90730.0,10.360060723514211,Finance,3/27/2007,10:09 PM
262,Marie,Female,100308.0,10.360060723514211,Product,1/26/2005,10:09 PM
263,Anne,Female,69134.0,3.723,Engineering,7/16/1986,2:08 PM
264,Sarah,Female,90335.26726342711,10.360060723514211,Finance,1/26/2005,1:08 PM
265,Stephanie,Female,50141.0,13.218,Human Resources,3/24/1983,10:09 PM
266,Roy,Male,101941.0,3.45,Client Services,9/23/2004,1:31 PM
267,Marilyn,Female,115145.0,14.063,Finance,1/26/2005,8:14 AM
268,Marilyn,Male,90335.26726342711,16.044,Distribution,1/26/2005,10:09 PM
269,Irene,Female,56526.0,10.360060723514211,Finance,1/26/2005,8:26 AM
270,Marilyn,Female,145316.0,18.517,Human Resources,1/26/2005,8:35 PM
271,Thomas,Male,103235.0,10.360060723514211,Finance,1/26/2005,1:04 PM
272,Frank,Female,90335.26726342711,12.062,Marketing,11/20/2001,10:18 AM
273,Fred,Male,74129.0,18.225,Product,2/20/1980,10:09 PM
275,Howard,Male,97490.0,5.46,Finance,1/26/2005,7:22 AM
276,Debra,Female,90335.26726342711,18.456,Business Development,2/22/1994,10:25 PM
277,Christine,Female,94345.0,10.360060723514211,Finance,1/26/2005,10:09 PM
279,Betty,Female,90335.26726342711,10.360060723514211,Finance,6/28/2005,6:03 PM
280,Ruby,Female,105946.0,1.139,Business Development,1/26/2005,10:09 PM
281,Kevin,Male,46080.0,10.360060723514211,Business Development,1/26/2005,2:07 AM
282,Arthur,Male,90335.26726342711,6.147,Finance,1/26/2005,7:46 PM
283,Carl,Female,125104.0,12.345,Client Services,1/26/2005,10:09 PM
284,Todd,Male,107281.0,1.612,Engineering,1/26/2005,3:43 AM
285,Brenda,Female,141521.0,4.337,Client Services,1/26/2005,9:33 PM
286,Judy,Female,90335.26726342711,10.360060723514211,Finance,9/16/1997,12:10 AM
287,Todd,Male,69989.0,10.985,Finance,1/26/2005,10:09 PM
288,Marilyn,Female,147183.0,9.999,Client Services,1/26/2005,7:06 AM
289,Walter,Female,66757.0,18.099,Distribution,12/21/1999,10:33 PM
290,Jessica,Female,90335.26726342711,10.360060723514211,Legal,1/26/2005,10:09 PM
291,Marilyn,Male,129460.0,13.657,Finance,6/14/1988,6:20 PM
292,Tammy,Female,132839.0,17.463,Client Services,1/26/2005,10:30 AM
293,Anne,Female,44537.0,18.284,Client Services,1/26/2005,10:09 PM
294,Marilyn,Male,118733.0,10.360060723514211,Finance,10/25/1999,3:35 PM
295,Virginia,Female,90335.26726342711,19.154,Distribution,10/20/1999,6:23 AM
296,Jesse,Male,79582.0,3.873,Legal,1/26/2005,10:09 PM
297,Jeremy,Female,55394.0,3.18,Sales,1/26/2005,1:49 PM
298,Daniel,Male,123811.0,10.360060723514211,Human Resources,9/15/2007,10:16 PM
299,Patrick,Female,137314.0,4.542,Finance,1/26/2005,11:43 AM
300,Emily,Female,90335.26726342711,19.028,Human Resources,1/13/1988,10:09 PM
301,Alan,Male,90335.26726342711,3.592,Engineering,6/26/1988,3:54 AM
302,James,Male,72257.0,13.023,Engineering,1/26/2005,8:52 PM
303,Adam,Male,90335.26726342711,10.360060723514211,Finance,1/26/2005,11:59 AM
304,Joan,Female,38712.0,3.657,Client Services,7/25/1980,10:09 PM
305,Jeremy,Male,46930.0,18.702,Finance,1/26/2005,12:05 AM
306,Margaret,Female,125220.0,10.360060723514211,Marketing,1/26/2005,1:05 PM
307,Mark,Male,121477.0,17.44,Business Development,1/26/2005,1:21 PM
308,Marilyn,Female,86386.0,10.360060723514211,Finance,9/26/1981,2:23 AM
309,Cheryl,Female,81308.0,2.196,Legal,1/26/2005,10:16 AM
310,Benjamin,Male,84810.0,15.794,Marketing,1/26/2005,10:09 PM
311,Marilyn,Male,90335.26726342711,10.360060723514211,Legal,2/20/1990,11:00 PM
312,Ernest,Female,72145.0,13.448,Finance,1/26/2005,1:51 AM
313,Gerald,Male,121604.0,1.923,Sales,4/16/2001,10:09 PM
314,Judy,Female,90335.26726342711,13.457,Finance,1/26/2005,10:09 PM
315,Bobby,Male,112117.0,10.360060723514211,Finance,3/31/1996,5:40 PM
316,Bobby,Female,108127.0,15.858,Client Services,1/26/2005,2:09 PM
317,Marie,Female,123711.0,10.966,Product,1/26/2005,8:05 PM
318,Kathy,Female,132381.0,10.360060723514211,Finance,12/18/2013,10:09 PM
319,Roy,Female,148225.0,1.841,Finance,1/26/2005,7:52 AM
320,Jacqueline,Female,90335.26726342711,18.243,Marketing,11/25/1981,3:01 PM
321,Marilyn,Female,62960.0,14.356,Sales,1/26/2005,11:40 PM
322,Julie,Female,56926.0,10.360060723514211,Sales,3/23/1986,10:09 PM
323,Marilyn,Male,41428.0,14.372,Product,1/26/2005,6:42 PM
324,Linda,Female,90335.26726342711,3.041,Sales,12/16/1990,2:20 AM
325,Ruby,Female,76707.0,6.031,Finance,1/26/2005,10:09 PM
326,Russell,Male,60388.0,17.885,Client Services,1/26/2005,1:48 AM
327,Jeffrey,Male,45150.0,12.075,Product,6/18/1997,8:01 PM
328,Aaron,Male,58755.0,5.097,Marketing,1/29/1994,6:48 PM
329,Samuel,Female,90335.26726342711,5.319,Finance,1/26/2005,2:54 AM
330,Marilyn,Male,87760.0,10.360060723514211,Finance,1/27/2010,10:09 PM
331,Randy,Male,135119.0,7.887,Client Services,3/16/2014,6:24 PM
332,Evelyn,Female,36759.0,17.269,Marketing,1/26/2005,1:58 PM
333,Fred,Male,90335.26726342711,18.645,Finance,2/13/1987,10:09 PM
334,Shirley,Female,110061.0,10.360060723514211,Client Services,1/26/2005,2:25 AM
335,Todd,Female,85074.0,1.844,Client Services,5/23/2011,4:14 PM
336,Robert,Male,90335.26726342711,19.93,Finance,11/18/2014,5:00 AM
337,Mark,Male,75150.0,12.182,Legal,1/26/2005,10:09 PM
338,Earl,Female,91344.0,10.360060723514211,Sales,1/26/2005,5:46 PM
339,Richard,Male,90335.26726342711,10.717,Product,1/26/2005,1:41 AM
340,Michael,Male,98753.0,16.443,Finance,11/22/1991,10:09 PM
341,Steven,Female,113060.0,10.360060723514211,Sales,1/26/2005,10:09 PM
342,Carlos,Male,77327.0,11.58,Finance,9/19/2007,1:01 AM
343,Marie,Female,62666.0,10.247,Product,1/26/2005,10:09 PM
344,Ronald,Male,96633.0,4.99,Engineering,2/24/2009,2:09 PM
345,Scott,Female,58248.0,10.360060723514211,Finance,1/26/2005,4:36 AM
346,Steven,Male,83706.0,6.96,Human Resources,11/21/2006,8:30 AM
347,James,Male,90335.26726342711,5.778,Human Resources,11/22/1998,10:09 PM
348,Lori,Female,90335.26726342711,10.360060723514211,Sales,3/31/1988,10:59 PM
349,Philip,Female,129968.0,19.897,Finance,1/26/2005,11:21 AM
350,Phyllis,Female,140347.0,8.723,Sales,11/24/2005,11:57 PM
351,Marilyn,Female,90335.26726342711,3.95,Sales,8/31/1995,8:31 PM
352,Cynthia,Female,74287.0,10.360060723514211,Sales,1/26/2005,11:03 PM
353,Marilyn,Male,69906.0,4.844,Finance,1/26/2005,10:09 PM
354,Marilyn,Male,65078.0,3.095,Marketing,4/22/1997,9:36 PM
355,Elizabeth,Female,90335.26726342711,1.782,Legal,1/26/2005,4:56 AM
356,Andrea,Female,115913.0,10.360060723514211,Legal,9/14/2003,10:30 PM
357,Judy,Female,38092.0,5.668,Distribution,1/26/2005,10:09 PM
358,Russell,Male,121160.0,7.843,Finance,8/13/2014,3:51 PM
359,Scott,Male,90335.26726342711,10.360060723514211,Product,12/17/2011,3:45 AM
360,Sarah,Female,64207.0,7.824,Finance,1/26/2005,7:06 AM
361,Susan,Female,80688.0,18.892,Finance,9/25/2004,1:30 AM
362,Margaret,Female,90335.26726342711,10.360060723514211,Sales,1/26/2005,6:01 AM
363,Marilyn,Male,72893.0,9.555,Finance,1/26/2005,6:32 AM
364,Justin,Female,96978.0,13.865,Finance,4/15/2005,10:09 PM
365,Juan,Male,97364.0,3.595,Product,4/16/2002,11:09 PM
366,Gloria,Female,140885.0,1.113,Human Resources,1/26/2005,1:57 AM
367,Jennifer,Female,90335.26726342711,16.231,Client Services,1/24/1989,8:38 PM
368,Edward,Male,66067.0,10.957,Finance,1/26/2005,10:09 PM
369,Marilyn,Female,147183.0,8.748,Business Development,12/17/1982,12:10 PM
370,Mary,Female,90335.26726342711,12.484,Product,10/18/2009,6:32 PM
371,Linda,Female,144001.0,2.194,Business Development,1/26/2005,10:12 PM
372,Larry,Female,91133.0,10.360060723514211,Sales,8/27/2003,10:09 PM
373,Albert,Male,67827.0,19.717,Engineering,1/26/2005,4:20 PM
375,Marilyn,Female,81444.0,10.360060723514211,Finance,12/31/2006,11:02 PM
376,Marilyn,Female,90335.26726342711,4.805,Sales,1/26/2005,10:09 PM
377,Brandon,Male,112548.0,4.664,Engineering,10/16/2015,2:44 AM
378,Stephen,Male,111249.0,10.360060723514211,Human Resources,1/26/2005,12:47 PM
379,Russell,Male,114334.0,9.669,Product,10/30/1994,5:46 AM
380,Marilyn,Female,90335.26726342711,4.537,Finance,1/26/2005,10:09 PM
381,Pamela,Female,72979.0,5.66,Sales,7/15/2001,1:33 PM
382,Scott,Male,64172.0,10.894,Engineering,1/26/2005,1:50 AM
383,Marilyn,Female,107024.0,10.360060723514211,Finance,4/18/1996,10:09 PM
384,Carlos,Male,50167.0,2.362,Product,7/28/2010,3:08 PM
385,Jack,Male,90335.26726342711,15.723,Product,12/24/1980,10:58 PM
386,Debra,Female,70492.0,8.895,Client Services,1/26/2005,8:48 AM
387,Phyllis,Female,90335.26726342711,10.360060723514211,Finance,1/15/1995,10:09 PM
388,Robert,Male,123294.0,19.894,Client Services,10/29/1994,4:26 AM
389,Gloria,Female,131045.0,11.312,Product,9/19/1989,7:40 PM
390,Sharon,Female,97635.0,10.360060723514211,Finance,1/26/2005,10:09 PM
391,Barbara,Female,90335.26726342711,13.443,Sales,4/26/2001,12:22 AM
392,Marilyn,Female,140502.0,9.989,Sales,8/15/1989,9:14 AM
393,Ralph,Male,106310.0,4.03,Client Services,10/27/2010,10:28 AM
394,Harry,Female,46240.0,6.976,Engineering,1/26/2005,5:45 AM
395,Robin,Female,111163.0,5.025,Finance,1/26/2005,2:12 AM
396,Marilyn,Female,93753.0,7.094,Sales,11/25/2001,9:55 PM
397,Rose,Female,63494.0,10.360060723514211,Human Resources,1/26/2005,3:57 PM
398,Clarence,Male,90335.26726342711,13.835,Distribution,1/26/2005,10:09 PM
399,Doris,Female,85215.0,7.425,Finance,7/29/1992,6:40 PM
400,Kathryn,Female,86439.0,7.799,Finance,1/26/2005,9:29 AM
401,Billy,Female,62913.0,18.241,Marketing,3/16/2004,8:21 AM
402,Norma,Female,38872.0,9.302,Finance,4/16/1996,5:40 AM
403,Richard,Female,90335.26726342711,14.272,Engineering,11/28/1992,10:09 PM
404,Craig,Male,113506.0,10.360060723514211,Marketing,1/26/2005,4:45 AM
405,Sarah,Female,109980.0,8.86,Finance,7/20/1990,10:49 PM
406,Sharon,Female,91522.0,7.564,Finance,1/26/2005,4:39 PM
407,Mary,Female,42214.0,10.360060723514211,Business Development,8/22/2010,8:03 AM
408,Marilyn,Female,83159.0,9.55,Finance,2/23/2002,3:55 AM
409,Joe,Male,90335.26726342711,1.62,Client Services,1/26/2005,10:09 PM
410,Jeremy,Male,47885.0,19.276,Human Resources,5/29/1994,6:24 AM
411,Marilyn,Male,126232.0,10.360060723514211,Sales,8/14/2012,11:25 AM
412,Kevin,Male,134598.0,11.699,Finance,6/23/1981,8:26 PM
413,Jacqueline,Female,66604.0,14.609,Legal,1/26/2005,2:01 AM
414,Johnny,Male,90335.26726342711,10.360060723514211,Marketing,9/14/1992,8:21 AM
415,Gary,Male,49101.0,11.9,Finance,1/26/2005,10:09 PM
416,Shirley,Female,67811.0,12.699,Finance,11/16/1990,6:01 PM
417,Marilyn,Male,90335.26726342711,5.966,Distribution,6/29/2008,5:23 AM
418,Sarah,Female,37748.0,9.047,Human Resources,1/26/2005,2:51 PM
419,Julia,Female,90335.26726342711,2.664,Finance,1/26/2005,10:09 PM
420,Dorothy,Female,140136.0,10.360060723514211,Business Development,1/26/2005,10:50 PM
421,Justin,Male,121508.0,19.334,Finance,5/22/1986,6:30 AM
422,Kevin,Male,79906.0,18.021,Sales,11/20/1986,6:59 PM
423,Victor,Male,123144.0,10.360060723514211,Finance,1/26/2005,10:09 PM
424,Deborah,Female,90335.26726342711,17.436,Client Services,11/25/1980,4:33 AM
425,Matthew,Female,79443.0,10.360060723514211,Finance,1/26/2005,7:35 AM
426,Alice,Female,51395.0,2.378,Finance,1/26/2005,10:09 PM
427,Todd,Female,134408.0,3.56,Human Resources,3/16/2016,2:45 PM
428,Frank,Male,90335.26726342711,8.037,Sales,1/26/2005,10:09 PM
429,Marilyn,Male,68028.0,10.360060723514211,Finance,5/13/1999,10:48 AM
430,Rose,Female,90335.26726342711,5.63,Human Resources,5/28/2015,8:40 AM
431,Andrea,Female,79123.0,19.422,Distribution,1/26/2005,10:09 PM
432,Charles,Male,104014.0,10.360060723514211,Legal,12/16/1999,8:28 PM
433,Jessica,Female,121160.0,12.993,Client Services,1/26/2005,8:45 PM
434,Wanda,Female,65362.0,7.132,Finance,7/20/2008,1:44 PM
435,Joyce,Female,90335.26726342711,14.227,Finance,1/26/2005,7:38 AM
436,Billy,Female,144709.0,10.360060723514211,Distribution,1/26/2005,3:32 PM
437,Kathryn,Female,53061.0,11.864,Finance,8/29/2007,10:09 PM
438,Denise,Female,36697.0,11.196,Finance,1/26/2005,12:02 AM
439,Jason,Male,69244.0,10.360060723514211,Finance,11/20/1998,2:54 PM
440,Nicholas,Female,101036.0,2.826,Human Resources,1/26/2005,9:26 PM
441,Aaron,Male,90335.26726342711,11.343,Client Services,7/22/1990,2:53 PM
442,Louise,Female,46666.0,1.886,Business Development,5/13/2003,9:47 AM
443,Julie,Female,73437.0,10.360060723514211,Finance,1/26/2005,10:09 PM
444,Kathy,Female,86318.0,18.492,Sales,1/26/2005,6:19 PM
445,Marilyn,Male,76409.0,7.008,Distribution,1/26/2005,9:17 PM
446,Marilyn,Male,90335.26726342711,1.496,Finance,1/26/2005,1:57 AM
447,Cheryl,Female,67150.0,10.360060723514211,Marketing,8/16/1994,8:33 AM
448,Gregory,Male,90335.26726342711,11.204,Engineering,5/15/2009,10:09 PM
449,Wayne,Male,81183.0,17.066,Finance,1/26/2005,3:01 PM
450,Beverly,Female,107163.0,10.360060723514211,Human Resources,11/30/2005,2:57 AM
451,Willie,Male,90335.26726342711,19.691,Legal,1/26/2005,1:03 PM
452,Terry,Female,90335.26726342711,10.360060723514211,Finance,7/15/2016,12:29 AM
453,Scott,Male,146812.0,1.965,Marketing,11/17/2012,10:09 PM
454,Annie,Female,40119.0,4.338,Human Resources,12/19/1994,6:19 AM
455,Marilyn,Male,90335.26726342711,10.429,Finance,1/26/2005,10:09 PM
456,Ruth,Female,69579.0,18.029,Human Resources,10/24/2000,4:13 AM
457,Deborah,Female,101457.0,10.360060723514211,Finance,1/26/2005,10:09 PM
458,Patricia,Female,121232.0,16.624,Legal,1/26/2005,4:16 AM
459,Albert,Male,102626.0,15.843,Finance,9/30/2007,5:34 PM
460,Charles,Female,137171.0,5.574,Marketing,1/26/2005,1:00 PM
461,Tina,Female,88276.0,10.360060723514211,Legal,1/17/2005,9:11 AM
462,Jeremy,Male,90335.26726342711,13.946,Finance,1/26/2005,3:56 AM
463,Craig,Male,125556.0,7.996,Engineering,4/14/1996,10:09 PM
464,Jose,Male,59862.0,3.269,Product,1/26/2005,9:15 AM
465,Lawrence,Male,74640.0,18.641,Marketing,5/13/2005,1:25 AM
466,Helen,Female,90335.26726342711,4.188,Finance,10/31/1997,10:09 PM
467,Marilyn,Male,58789.0,5.461,Sales,1/26/2005,1:59 PM
468,Amy,Female,122897.0,8.222,Engineering,6/19/2002,3:06 AM
469,Janice,Female,90335.26726342711,10.360060723514211,Marketing,6/28/1997,1:48 PM
470,Stephen,Male,141958.0,9.078,Legal,1/26/2005,10:09 PM
471,Ryan,Male,139917.0,11.466,Distribution,7/20/1993,10:18 PM
472,Sharon,Female,147635.0,14.693,Human Resources,1/26/2005,6:32 AM
473,Joshua,Male,68230.0,8.047,Finance,1/26/2005,7:22 PM
474,Clarence,Male,90335.26726342711,8.457,Business Development,8/20/1992,8:23 PM
475,Jonathan,Male,90335.26726342711,11.364,Engineering,1/26/2005,10:09 PM
476,Stephanie,Female,122121.0,7.937,Finance,11/26/1992,12:54 AM
477,Kathy,Female,143541.0,10.360060723514211,Human Resources,1/26/2005,10:09 PM
478,Albert,Male,90335.26726342711,9.705,Business Development,8/14/2008,5:43 PM
479,Michael,Male,73354.0,18.357,Business Development,5/22/2011,10:42 AM
480,Richard,Male,47647.0,10.360060723514211,Finance,1/26/2005,10:09 PM
481,Amy,Female,106249.0,15.967,Sales,3/30/2008,10:54 PM
482,Marilyn,Female,93847.0,1.085,Business Development,4/27/2013,6:40 AM
483,Beverly,Female,90335.26726342711,10.360060723514211,Product,1/26/2005,5:49 AM
484,Marilyn,Female,115436.0,3.099,Finance,4/26/1992,10:09 PM
485,Joe,Male,50645.0,11.119,Marketing,4/14/2000,3:14 PM
486,Ashley,Female,142415.0,10.360060723514211,Finance,8/15/1997,9:48 PM
487,Howard,Male,90335.26726342711,2.021,Distribution,1/26/2005,10:09 PM
488,Cheryl,Female,71751.0,15.918,Business Development,1/26/2005,9:27 AM
489,Robert,Male,90335.26726342711,10.360060723514211,Legal,1/26/2005,10:09 PM
490,Sharon,Female,46007.0,19.731,Finance,1/26/2005,9:50 AM
491,Judith,Female,117055.0,7.461,Marketing,11/23/2007,10:09 PM
492,Nicholas,Female,90335.26726342711,10.360060723514211,Finance,1/26/2005,7:12 PM
493,Jerry,Male,121357.0,18.845,Business Development,1/30/1995,7:51 PM
494,Craig,Male,44857.0,10.360060723514211,Finance,1/26/2005,11:31 PM
495,Barbara,Female,47322.0,7.25,Sales,3/21/2002,8:02 AM
496,Eugene,Male,81077.0,10.360060723514211,Sales,1/26/2005,10:09 PM
497,Johnny,Male,76394.0,5.437,Marketing,1/26/2005,7:39 PM
498,Benjamin,Male,90335.26726342711,7.123,Finance,1/26/2005,3:28 PM
499,Diana,Female,41831.0,10.360060723514211,Business Development,6/13/1994,4:21 PM
500,Barbara,Female,90187.0,14.764,Finance,1/26/2005,10:09 PM
501,Christine,Female,90335.26726342711,10.360060723514211,Legal,1/26/2005,1:11 PM
502,Sean,Male,42748.0,9.765,Distribution,1/26/2005,7:07 PM
503,Sarah,Female,37259.0,1.763,Client Services,1/26/2005,10:09 PM
504,Roger,Female,125033.0,4.887,Marketing,1/26/2005,10:09 PM
505,Marilyn,Female,38275.0,10.360060723514211,Distribution,6/24/2014,10:05 AM
506,Marilyn,Male,71520.0,13.248,Finance,1/26/2005,1:17 PM
507,Donald,Female,90335.26726342711,6.499,Client Services,7/14/1995,10:09 PM
508,Clarence,Male,103684.0,10.360060723514211,Engineering,1/26/2005,12:11 AM
509,Scott,Male,96111.0,15.592,Human Resources,11/23/1996,7:36 PM
510,Ann,Female,90719.0,6.22,Finance,1/26/2005,12:17 PM
511,Frank,Male,90335.26726342711,17.07,Legal,4/27/2003,10:09 PM
512,Joe,Male,62161.0,8.13,Business Development,1/26/2005,7:32 AM
513,Wanda,Female,78883.0,19.695,Finance,1/26/2005,3:11 AM
514,Jimmy,Male,63549.0,10.360060723514211,Finance,11/19/2013,10:09 PM
515,Amy,Female,63888.0,18.115,Product,12/25/1984,10:52 AM
516,Larry,Male,97370.0,10.458,Sales,1/26/2005,10:09 PM
517,Gloria,Female,66224.0,10.360060723514211,Legal,1/26/2005,8:26 PM
518,Ruth,Female,97915.0,3.997,Human Resources,1/26/2005,10:07 AM
519,Diana,Female,90335.26726342711,18.003,Product,1/19/1995,12:37 AM
520,Raymond,Male,37812.0,10.360060723514211,Human Resources,2/16/2009,10:38 PM
521,Peter,Male,56580.0,8.411,Finance,1/26/2005,9:09 AM
522,Marilyn,Female,83895.0,17.971,Engineering,9/25/1981,9:59 AM
523,Catherine,Female,90335.26726342711,10.360060723514211,Distribution,8/31/2013,7:24 PM
524,Diane,Female,124889.0,15.026,Sales,1/26/2005,4:56 PM
525,Peter,Female,118840.0,14.509,Finance,10/13/2014,10:09 PM
526,Steve,Male,67780.0,10.360060723514211,Human Resources,8/22/1995,6:58 AM
527,Barbara,Female,144677.0,8.696,Finance,3/22/2004,8:11 AM
528,Helen,Female,90335.26726342711,1.022,Product,1/26/2005,1:42 PM
529,Jimmy,Female,86676.0,10.360060723514211,Finance,1/26/2005,2:48 AM
530,Christopher,Male,82401.0,7.252,Client Services,4/23/2014,7:52 AM
531,Kathleen,Female,35575.0,14.595,Distribution,6/13/2014,9:16 AM
532,Virginia,Female,90335.26726342711,10.154,Marketing,1/26/2005,10:09 PM
533,Lisa,Female,38078.0,10.360060723514211,Product,2/26/2005,6:33 PM
534,Earl,Male,52620.0,13.773,Finance,1/26/2005,9:03 PM
535,Gerald,Female,133366.0,12.292,Legal,1/26/2005,10:09 PM
536,Louise,Female,90335.26726342711,10.360060723514211,Finance,9/18/1981,5:47 AM
537,Clarence,Male,146589.0,4.905,Business Development,8/26/1982,9:47 AM
538,Marilyn,Female,51633.0,13.472,Business Development,1/26/2005,1:08 PM
539,Adam,Male,45181.0,3.491,Human Resources,9/14/1992,10:09 PM
540,Justin,Male,90335.26726342711,3.459,Finance,1/26/2005,10:30 AM
541,Marilyn,Female,84746.0,10.360060723514211,Finance,9/14/1994,3:30 AM
542,Ruby,Female,147362.0,7.851,Engineering,1/26/2005,3:36 AM
543,Amanda,Female,90335.26726342711,14.077,Distribution,9/14/1996,10:09 PM
544,Anna,Female,117293.0,2.366,Finance,1/26/2005,2:34 PM
545,Roger,Male,90335.26726342711,13.32,Marketing,1/26/2005,5:11 PM
546,Julie,Female,93302.0,9.048,Product,1/26/2005,10:09 PM
547,Joseph,Male,102555.0,3.672,Finance,1/26/2005,6:50 PM
548,Evelyn,Female,51525.0,10.360060723514211,Finance,9/22/1998,10:09 PM
549,Janice,Female,41190.0,3.311,Sales,1/26/2005,9:06 PM
550,Marilyn,Female,75484.0,3.186,Finance,2/25/1980,10:50 PM
551,Gregory,Female,82726.0,10.360060723514211,Marketing,1/26/2005,10:09 PM
552,Marilyn,Male,90335.26726342711,19.122,Finance,7/18/1985,6:36 AM
553,Barbara,Female,127297.0,11.905,Product,1/26/2005,3:41 PM
554,Amanda,Female,109290.0,13.853,Engineering,1/26/2005,7:46 AM
555,Phyllis,Female,99150.0,6.007,Client Services,10/25/1985,10:09 PM
556,Anne,Female,90335.26726342711,10.360060723514211,Finance,1/26/2005,8:09 PM
557,Marilyn,Male,66819.0,6.639,Marketing,12/16/2014,4:56 PM
558,Jane,Female,42424.0,18.115,Finance,1/26/2005,8:39 AM
559,Linda,Female,90335.26726342711,10.360060723514211,Engineering,8/18/1985,4:34 AM
560,Ashley,Female,120675.0,6.51,Human Resources,11/17/1999,10:09 PM
561,Shawn,Female,96610.0,2.097,Finance,1/26/2005,10:24 AM
562,Kathleen,Female,71430.0,8.572,Engineering,9/20/1996,3:45 PM
563,Sara,Female,87713.0,18.863,Legal,1/26/2005,10:09 PM
564,Randy,Male,90335.26726342711,10.360060723514211,Engineering,1/26/2005,7:39 PM
565,Marilyn,Male,43414.0,7.563,Finance,3/29/1985,6:57 PM
566,Marilyn,Female,87145.0,17.33,Human Resources,1/26/2005,10:09 PM
567,Johnny,Male,91124.0,12.986,Distribution,1/26/2005,1:35 PM
568,Marilyn,Female,90335.26726342711,12.605,Finance,1/26/2005,8:04 PM
569,Susan,Female,90829.0,10.360060723514211,Marketing,4/18/1986,10:09 PM
570,Ruby,Female,101262.0,6.773,Finance,1/26/2005,3:42 AM
571,Kelly,Female,41427.0,1.431,Product,8/16/1996,10:09 PM
572,Jonathan,Male,90335.26726342711,18.623,Marketing,1/26/2005,10:38 PM
573,Raymond,Male,114244.0,10.360060723514211,Human Resources,1/13/1996,10:09 PM
574,Kimberly,Female,81800.0,5.435,Finance,12/30/1981,4:51 AM
575,Marilyn,Female,118736.0,7.421,Client Services,1/26/2005,1:01 PM
576,John,Female,90335.26726342711,5.809,Product,1/22/1995,10:09 PM
577,Michael,Male,35013.0,14.879,Finance,7/30/1993,5:35 PM
578,Jerry,Male,98393.0,10.360060723514211,Client Services,1/26/2005,4:29 AM
579,Amanda,Female,107111.0,1.438,Product,3/17/1982,11:46 PM
580,Marilyn,Male,90335.26726342711,1.187,Legal,1/26/2005,8:45 PM
581,Harry,Female,65482.0,18.089,Finance,1/27/1985,8:18 PM
582,Ernest,Male,81919.0,15.118,Marketing,1/26/2005,12:08 AM
583,Marilyn,Male,90335.26726342711,10.360060723514211,Finance,11/19/1982,10:09 PM
584,Diane,Female,49501.0,13.506,Business Development,1/26/2005,6:14 PM
585,Jack,Male,70367.0,18.266,Legal,5/30/2012,3:17 AM
586,Marilyn,Female,90335.26726342711,2.754,Marketing,4/16/1988,10:09 PM
587,Rose,Female,56961.0,10.360060723514211,Finance,1/26/2005,10:09 PM
588,Cheryl,Female,98841.0,8.945,Client Services,1/26/2005,6:28 AM
589,Cynthia,Female,78226.0,2.419,Human Resources,5/23/1980,3:19 AM
590,Sandra,Female,116931.0,9.657,Finance,4/24/1995,7:14 PM
591,Marilyn,Female,90335.26726342711,13.346,Business Development,1/26/2005,10:09 PM
592,Rachel,Female,110924.0,7.808,Distribution,4/22/1988,12:01 PM
593,Justin,Male,78351.0,15.221,Sales,1/26/2005,11:15 PM
594,Marie,Female,90335.26726342711,4.644,Sales,11/23/2000,5:06 AM
595,Louis,Male,95198.0,2.075,Finance,1/26/2005,5:02 AM
596,Nancy,Female,121006.0,3.512,Finance,1/26/2005,10:09 PM
597,Mark,Male,90335.26726342711,6.752,Business Development,1/26/2005,5:31 AM
598,Teresa,Female,69740.0,8.294,Finance,6/24/1987,7:37 PM
599,Frances,Female,91996.0,11.506,Product,7/21/2001,10:09 PM
600,Marilyn,Female,90335.26726342711,10.360060723514211,Human Resources,1/26/2005,10:57 PM
601,Barbara,Female,90556.0,15.749,Distribution,12/20/1994,10:09 AM
602,Christine,Female,50366.0,9.862,Marketing,1/26/2005,6:00 PM
603,Bobby,Female,84232.0,15.704,Finance,7/21/2003,3:50 PM
604,Marilyn,Female,100888.0,12.49,Business Development,10/26/1991,8:11 AM
605,Bruce,Male,141335.0,15.427,Finance,3/15/2013,11:13 PM
606,Rose,Female,97691.0,2.142,Client Services,1/26/2005,9:14 AM
607,Mildred,Female,47266.0,10.256,Client Services,2/21/1981,3:30 AM
608,Marilyn,Male,139754.0,12.74,Sales,10/13/1983,11:59 PM
609,Marilyn,Female,116236.0,10.360060723514211,Finance,1/26/2005,5:17 PM
610,Todd,Male,103405.0,15.91,Sales,2/16/2010,10:09 PM
611,Alan,Female,90335.26726342711,10.084,Product,2/17/2012,12:26 AM
612,Elizabeth,Female,52730.0,12.525,Marketing,1/26/2005,3:58 AM
613,Julie,Female,60361.0,7.099,Distribution,10/21/2000,1:15 AM
614,Teresa,Female,63103.0,11.378,Finance,1/26/2005,3:47 PM
615,Eric,Male,90335.26726342711,11.513,Distribution,1/26/2005,9:16 PM
616,Edward,Male,73105.0,6.083,Engineering,8/30/2001,1:24 AM
617,Kimberly,Female,37916.0,10.360060723514211,Distribution,1/26/2005,10:09 PM
618,Kathy,Female,45682.0,1.451,Finance,1/14/2001,5:11 AM
619,Peter,Male,69297.0,1.268,Finance,11/24/1992,5:43 PM
620,Beverly,Female,59070.0,19.064,Engineering,10/22/1990,10:09 PM
621,Marilyn,Male,90335.26726342711,8.4,Finance,1/26/2005,2:25 AM
622,Justin,Male,128036.0,18.824,Client Services,1/26/2005,11:00 PM
623,Irene,Female,89780.0,8.999,Sales,6/23/2005,10:09 PM
624,Irene,Female,125018.0,9.601,Legal,11/29/2006,10:09 PM
625,Jeremy,Male,90335.26726342711,12.2,Sales,1/26/2005,10:09 PM
626,Cynthia,Female,82408.0,8.701,Finance,6/29/2015,6:38 AM
627,Marilyn,Female,131755.0,2.93,Finance,4/13/1997,8:03 AM
628,Anne,Female,128305.0,10.360060723514211,Marketing,1/26/2005,12:30 PM
629,Marilyn,Female,90335.26726342711,1.702,Distribution,1/26/2005,12:49 PM
630,Debra,Female,74911.0,19.513,Marketing,1/26/2005,12:19 PM
631,Michael,Male,47079.0,2.617,Legal,7/13/1988,10:09 PM
632,Jason,Female,82873.0,1.869,Client Services,1/26/2005,1:20 AM
633,Rebecca,Female,90335.26726342711,6.878,Engineering,2/23/1990,3:21 PM
634,Marilyn,Female,123591.0,6.5,Engineering,11/17/2011,10:09 PM
635,Carl,Male,75598.0,19.289,Finance,1/26/2005,5:59 PM
636,Randy,Male,89831.0,13.047,Finance,9/27/2000,3:04 AM
637,Marilyn,Female,90335.26726342711,2.924,Engineering,1/26/2005,4:06 PM
638,Marilyn,Male,126956.0,10.360060723514211,Human Resources,1/26/2005,10:09 PM
639,Frances,Female,112467.0,1.433,Business Development,1/26/2005,6:08 PM
640,Amanda,Female,46665.0,19.391,Client Services,1/26/2005,2:15 PM
641,Marilyn,Female,42553.0,3.756,Finance,8/28/2004,10:49 AM
642,Amanda,Female,102081.0,5.203,Sales,1/25/1995,5:06 AM
643,Amanda,Female,135118.0,15.108,Finance,1/26/2005,9:17 AM
644,Shawn,Male,71975.0,9.77,Finance,9/29/1987,10:11 PM
645,Katherine,Female,149908.0,18.912,Finance,8/13/1996,12:21 AM
646,Marilyn,Female,90335.26726342711,10.360060723514211,Marketing,1/26/2005,9:19 AM
647,Elizabeth,Female,79145.0,19.78,Finance,2/21/2010,7:02 AM
648,Donald,Male,122920.0,5.32,Finance,1/26/2005,10:00 AM
649,Gregory,Male,128031.0,15.857,Finance,11/15/1999,10:09 PM
650,Ruth,Female,59969.0,14.064,Finance,2/17/2004,5:38 AM
651,Cynthia,Female,90335.26726342711,10.360060723514211,Finance,1/26/2005,1:24 AM
652,Deborah,Female,113129.0,17.371,Client Services,11/21/1985,1:40 PM
653,Willie,Male,141932.0,1.017,Finance,1/26/2005,5:39 AM
654,Debra,Female,42296.0,10.360060723514211,Product,5/28/2006,6:51 AM
655,Carl,Male,63395.0,11.411,Legal,12/14/1984,8:49 PM
656,Walter,Male,125382.0,13.613,Finance,1/26/2005,11:16 PM
657,Lisa,Female,90335.26726342711,17.108,Marketing,1/26/2005,6:44 PM
658,Rebecca,Female,46750.0,11.367,Sales,1/26/2005,10:33 AM
659,Jessica,Female,90285.0,13.591,Client Services,10/19/1986,10:09 PM
660,Marilyn,Female,53692.0,4.785,Finance,8/27/2009,3:41 PM
661,Mary,Female,100341.0,6.662,Distribution,1/26/2005,7:02 PM
662,Craig,Male,90335.26726342711,4.225,Engineering,8/21/1995,2:38 AM
663,Katherine,Female,41643.0,10.360060723514211,Distribution,12/19/2000,1:40 AM
664,Andrea,Female,113760.0,12.866,Distribution,8/31/1989,11:10 PM
665,Timothy,Male,49473.0,12.463,Legal,1/26/2005,10:49 PM
666,Anthony,Male,146141.0,10.360060723514211,Distribution,2/13/2013,1:35 PM
667,Harold,Female,79459.0,7.776,Business Development,1/26/2005,11:02 AM
668,Douglas,Female,104496.0,14.771,Marketing,1/26/2005,2:03 AM
669,James,Male,67789.0,17.105,Legal,1/26/2005,7:06 AM
670,Joseph,Female,86564.0,10.360060723514211,Finance,3/28/1982,1:05 PM
671,Marilyn,Female,135758.0,14.782,Client Services,9/14/2001,3:22 AM
672,Laura,Female,84672.0,3.96,Distribution,1/26/2005,10:09 PM
673,Marilyn,Male,111580.0,10.982,Human Resources,1/26/2005,12:41 PM
674,Ralph,Male,50455.0,10.360060723514211,Finance,3/24/1996,11:54 AM
675,Marilyn,Male,88733.0,1.932,Human Resources,8/28/2012,7:56 PM
676,Diane,Female,90335.26726342711,12.791,Marketing,1/26/2005,6:56 PM
677,Marilyn,Female,138925.0,9.801,Marketing,1/26/2005,10:04 AM
678,Jacqueline,Female,62371.0,15.77,Finance,9/20/1994,6:07 PM
679,Brenda,Female,87715.0,10.360060723514211,Product,4/17/1984,7:12 AM
680,Lori,Female,66029.0,3.345,Client Services,1/26/2005,7:36 AM
681,Albert,Male,86818.0,14.301,Engineering,6/17/1992,3:25 AM
682,Frank,Male,90335.26726342711,17.398,Product,11/23/2002,6:10 PM
683,Deborah,Female,105573.0,5.268,Product,1/26/2005,10:09 PM
684,Robin,Female,41230.0,10.360060723514211,Finance,12/20/2005,2:42 PM
685,Alice,Female,117787.0,10.485,Finance,1/21/2016,5:07 PM
686,Marilyn,Male,88086.0,19.387,Finance,1/26/2005,9:37 AM
687,Paul,Female,91462.0,18.704,Finance,2/18/2011,12:23 PM
688,Marilyn,Male,139959.0,8.992,Distribution,12/27/1996,7:07 AM
689,Brian,Male,93901.0,17.821,Legal,1/26/2005,10:47 PM
690,Marilyn,Female,50529.0,17.263,Finance,1/26/2005,6:31 AM
691,Bruce,Male,90335.26726342711,10.360060723514211,Sales,1/28/2007,11:10 PM
692,Joan,Female,120941.0,3.694,Finance,1/26/2005,2:53 AM
693,Marilyn,Male,118753.0,8.162,Sales,5/15/2007,10:09 PM
694,Alice,Female,92799.0,2.782,Sales,10/16/1995,9:19 PM
695,Barbara,Female,85718.0,13.326,Client Services,1/26/2005,12:35 AM
696,Sarah,Female,109517.0,5.146,Human Resources,1/26/2005,10:09 PM
697,Samuel,Male,85550.0,11.593,Marketing,5/25/2012,4:40 PM
698,Marilyn,Male,136655.0,9.801,Distribution,5/23/1990,2:09 AM
699,Barbara,Female,43312.0,8.218,Legal,1/26/2005,5:13 AM
700,Amy,Female,102839.0,10.385,Distribution,5/19/1984,11:47 AM
701,Frank,Male,78891.0,7.927,Distribution,1/26/2005,9:15 PM
702,Robin,Female,93201.0,11.712,Legal,9/16/2005,1:26 AM
703,Debra,Female,84693.0,6.976,Finance,1/26/2005,1:12 PM
704,Marilyn,Female,73587.0,9.769,Human Resources,5/31/2004,3:36 PM
705,Thomas,Male,65251.0,11.211,Distribution,1/26/2005,9:51 AM
706,Harry,Male,129148.0,15.193,Engineering,9/23/2015,1:36 AM
707,Todd,Female,128175.0,18.473,Finance,1/26/2005,6:53 PM
708,Patricia,Female,75825.0,7.839,Engineering,1/26/2005,1:10 AM
709,Steve,Male,51821.0,1.197,Legal,1/26/2005,9:17 PM
710,Marilyn,Female,60411.0,12.048,Human Resources,1/26/2005,10:09 PM
711,Edward,Male,58327.0,17.095,Finance,11/27/1997,1:00 AM
712,Karen,Female,46478.0,16.552,Engineering,1/26/2005,10:09 PM
713,Martin,Female,123963.0,15.745,Engineering,1/26/2005,4:17 AM
714,Ann,Female,79796.0,9.851,Distribution,9/28/1994,5:44 AM
715,Jonathan,Male,83809.0,12.922,Distribution,7/30/1984,6:02 PM
716,Peter,Male,77933.0,13.132,Engineering,1/26/2005,7:28 AM
717,Eric,Male,51070.0,13.806,Business Development,6/15/1993,3:56 AM
718,Jason,Female,97480.0,11.518,Human Resources,4/15/1988,8:16 PM
719,Terry,Male,58357.0,7.969,Engineering,1/26/2005,11:18 PM
720,John,Male,67165.0,13.001,Engineering,1/29/1999,3:07 AM
721,Marilyn,Female,145988.0,18.685,Human Resources,1/26/2005,2:01 PM
722,Harold,Male,147417.0,11.626,Business Development,4/16/2010,5:13 AM
723,Joshua,Male,95003.0,5.197,Marketing,6/27/1997,10:09 PM
724,Brandon,Female,144187.0,11.416,Legal,1/26/2005,2:32 AM
725,Marilyn,Female,37888.0,13.47,Engineering,1/26/2005,6:40 AM
726,Jeremy,Female,131513.0,1.876,Finance,5/19/1991,1:40 PM
727,Daniel,Male,77287.0,13.0,Finance,2/29/2016,4:04 AM
728,Marilyn,Male,46875.0,12.942,Sales,1/26/2005,1:22 PM
729,Dorothy,Female,82744.0,19.111,Client Services,1/26/2005,12:22 AM
730,Marilyn,Male,43252.0,18.892,Client Services,1/26/2005,12:32 AM
731,Nicole,Female,66047.0,18.674,Marketing,4/26/2009,12:40 AM
732,Ann,Female,118431.0,12.772,Finance,7/16/2001,9:27 AM
733,Henry,Female,59943.0,1.432,Finance,1/26/2005,2:04 AM
734,Marilyn,Male,136681.0,3.655,Business Development,6/17/2009,1:00 PM
735,Marilyn,Female,138807.0,1.4,Human Resources,12/18/1994,10:09 PM
736,Barbara,Female,82884.0,6.837,Business Development,1/26/2005,5:32 AM
737,Judy,Female,48668.0,11.716,Product,1/26/2005,10:09 PM
738,Lawrence,Male,122971.0,14.618,Product,7/23/2011,3:41 AM
739,Joseph,Male,107050.0,12.737,Business Development,1/26/2005,11:12 PM
740,Carlos,Male,138598.0,14.737,Sales,1/26/2005,10:00 AM
741,Russell,Female,149456.0,3.533,Marketing,1/26/2005,11:59 AM
742,Jane,Female,128540.0,15.941,Legal,1/26/2005,7:02 PM
743,Martin,Male,61117.0,2.844,Client Services,2/25/2016,6:29 PM
744,Steven,Male,100949.0,13.813,Human Resources,5/30/1980,8:25 PM
745,Judy,Female,46829.0,5.19,Finance,1/26/2005,10:09 PM
746,James,Male,69111.0,14.625,Business Development,2/16/2008,10:09 PM
747,Gloria,Female,46602.0,1.027,Business Development,8/19/2004,10:31 AM
748,Marilyn,Male,61181.0,16.559,Business Development,1/26/2005,1:46 PM
749,Martha,Female,94963.0,19.626,Business Development,7/17/1997,11:11 PM
750,Janet,Female,85789.0,9.712,Legal,1/25/1986,5:48 AM
751,Louis,Female,145274.0,16.379,Product,1/26/2005,6:39 PM
752,Tina,Female,102841.0,3.369,Client Services,1/26/2005,3:18 AM
753,Marilyn,Male,49665.0,18.338,Business Development,2/23/2007,10:09 PM
754,Antonio,Male,41928.0,5.478,Finance,1/26/2005,10:54 PM
755,Lisa,Female,128042.0,2.03,Legal,1/26/2005,1:04 AM
756,Denise,Female,86150.0,3.997,Client Services,2/19/1984,10:09 PM
757,Marilyn,Male,121816.0,10.615,Distribution,10/21/1984,10:09 PM
758,Benjamin,Male,123409.0,7.783,Product,1/26/2005,11:32 PM
759,Carl,Female,98295.0,7.617,Legal,8/18/2007,8:01 AM
760,Ruth,Female,59678.0,10.895,Distribution,1/26/2005,6:52 AM
761,Marilyn,Male,57871.0,4.02,Human Resources,12/29/2006,3:05 AM
762,Jennifer,Female,132084.0,10.006,Engineering,3/31/2015,7:43 PM
763,Terry,Male,35633.0,3.947,Distribution,1/26/2005,10:09 PM
764,Jacqueline,Female,125298.0,3.019,Legal,7/27/2008,12:08 PM
765,Marilyn,Male,115582.0,15.343,Sales,1/26/2005,10:09 PM
766,Alice,Female,148339.0,11.479,Finance,4/23/1995,10:09 PM
767,Justin,Male,112975.0,9.699,Human Resources,7/25/1991,12:45 AM
768,Marilyn,Female,36927.0,18.769,Client Services,1/26/2005,12:10 PM
769,Robin,Female,70248.0,9.66,Sales,3/26/2004,5:41 PM
770,Samuel,Female,141305.0,9.849,Marketing,1/26/2005,3:08 AM
771,Marilyn,Female,72002.0,13.178,Product,9/22/2006,8:08 PM
772,Peter,Male,102577.0,12.026,Product,5/22/1991,1:39 AM
773,Lillian,Female,113554.0,18.018,Business Development,1/26/2005,5:41 AM
774,Marilyn,Male,47176.0,10.736,Finance,10/24/1986,9:23 AM
775,Marilyn,Female,106428.0,10.867,Finance,6/18/2000,7:36 AM
776,Rose,Female,75181.0,6.06,Finance,1/26/2005,10:09 PM
777,Bobby,Male,79047.0,18.784,Human Resources,9/30/2004,10:09 PM
778,Kimberly,Female,52970.0,4.513,Sales,4/20/1986,3:55 PM
779,Antonio,Male,137979.0,5.266,Distribution,12/28/2003,4:17 AM
780,Doris,Female,114360.0,17.799,Business Development,1/26/2005,10:09 PM
781,Steven,Male,110306.0,16.843,Human Resources,1/26/2005,4:55 AM
782,Lawrence,Male,46378.0,9.127,Finance,1/26/2005,10:55 PM
783,Marilyn,Male,74104.0,17.68,Client Services,1/26/2005,4:41 PM
784,Marilyn,Female,132505.0,13.592,Product,4/15/1991,3:39 AM
785,Stephanie,Female,96649.0,3.453,Sales,9/14/1982,8:14 AM
786,Marilyn,Female,57811.0,8.941,Marketing,1/26/2005,10:09 PM
787,Sandra,Female,111468.0,2.58,Product,1/26/2005,4:17 PM
788,Kevin,Male,141498.0,4.135,Sales,1/26/2005,3:22 PM
789,Michelle,Female,124441.0,16.353,Business Development,3/31/2012,6:28 AM
790,Lisa,Female,40121.0,6.293,Product,1/26/2005,9:19 PM
791,Fred,Male,129712.0,11.058,Finance,1/26/2005,2:27 AM
792,Marilyn,Male,126010.0,19.601,Legal,1/26/2005,9:46 PM
793,Anne,Female,122762.0,9.564,Distribution,4/18/1996,10:09 PM
794,Andrea,Female,149105.0,13.707,Distribution,7/22/1999,9:25 AM
795,Nicole,Female,44021.0,10.286,Finance,1/26/2005,5:17 PM
796,Marilyn,Female,42025.0,3.319,Human Resources,1/26/2005,10:16 AM
797,Catherine,Female,59970.0,12.801,Client Services,8/31/1986,6:20 PM
798,Rose,Female,145001.0,19.85,Engineering,12/31/1982,6:50 PM
799,Marilyn,Male,102589.0,17.952,Marketing,1/26/2005,2:06 PM
800,Raymond,Male,47529.0,2.712,Product,1/26/2005,12:18 PM
801,Marilyn,Female,148941.0,11.517,Product,1/26/2005,10:09 PM
802,Ryan,Male,91109.0,17.499,Human Resources,4/15/1988,5:18 AM
803,Jane,Female,51923.0,13.623,Business Development,1/26/2005,1:23 PM
804,Lois,Female,53954.0,19.075,Product,7/28/2012,10:09 PM
805,Shawn,Female,39335.0,10.664,Distribution,3/17/2008,2:12 PM
806,Marilyn,Male,111371.0,15.081,Engineering,1/26/2005,9:29 AM
807,Kathryn,Female,86676.0,6.081,Sales,1/29/2008,12:29 AM
808,Mary,Female,115057.0,2.089,Finance,1/26/2005,8:32 AM
809,Marilyn,Female,145357.0,3.459,Engineering,1/26/2005,5:13 AM
810,George,Male,36749.0,19.754,Finance,9/27/1995,5:04 PM
811,Ralph,Female,89854.0,7.227,Business Development,1/26/2005,10:09 PM
812,Judith,Female,134048.0,6.818,Marketing,1/26/2005,11:16 AM
813,Marilyn,Male,141311.0,5.478,Product,12/13/1994,10:34 AM
814,Evelyn,Female,123621.0,19.767,Marketing,1/26/2005,4:44 AM
815,Rachel,Female,54941.0,3.221,Distribution,6/23/2011,12:52 AM
816,Maria,Female,106562.0,4.0,Human Resources,1/26/2005,8:36 PM
817,Kelly,Female,39371.0,4.068,Engineering,3/17/2007,6:20 PM
818,Ruby,Female,83112.0,4.083,Marketing,5/31/2008,8:41 PM
819,Ann,Female,96941.0,10.048,Distribution,1/26/2005,10:09 PM
820,Kenneth,Male,47232.0,17.862,Legal,12/14/1985,6:55 AM
821,William,Male,54058.0,5.182,Human Resources,11/18/1993,12:27 PM
822,Marilyn,Female,80399.0,12.254,Distribution,1/26/2005,2:27 AM
823,Deborah,Female,118043.0,7.266,Business Development,2/26/2009,10:17 AM
824,Marilyn,Male,109411.0,9.494,Engineering,1/26/2005,2:30 PM
825,Julia,Female,97566.0,2.147,Marketing,8/18/2014,10:09 PM
826,Robert,Female,69267.0,5.89,Sales,1/26/2005,1:20 AM
827,Marilyn,Female,87103.0,5.665,Finance,1/26/2005,1:35 AM
828,Jesse,Female,98811.0,7.487,Legal,7/16/2014,2:24 AM
829,Cynthia,Female,149684.0,7.864,Product,1/26/2005,8:55 AM
830,Johnny,Male,71383.0,2.097,Human Resources,1/14/2007,10:09 PM
831,Michael,Male,81206.0,19.908,Distribution,1/26/2005,1:20 AM
832,Kenneth,Male,69112.0,7.588,Finance,1/15/2015,2:41 PM
833,Keith,Female,120672.0,19.467,Legal,1/26/2005,3:02 PM
834,Gerald,Male,96511.0,9.331,Human Resources,5/28/2010,12:26 PM
835,Marilyn,Female,49325.0,2.071,Business Development,1/26/2005,7:54 AM
836,Douglas,Male,132175.0,2.28,Engineering,1/26/2005,5:23 AM
837,Carolyn,Female,118037.0,13.492,Finance,3/17/2004,10:09 PM
838,Joseph,Male,139570.0,15.804,Finance,5/23/1985,10:16 PM
839,Marilyn,Male,115280.0,9.153,Distribution,1/26/2005,3:14 PM
840,Joyce,Female,51065.0,16.807,Human Resources,7/25/2001,6:04 AM
841,Lillian,Female,103854.0,4.924,Distribution,1/26/2005,8:53 AM
842,Ruby,Female,48354.0,19.501,Business Development,8/13/2006,6:27 PM
843,Sandra,Female,132327.0,19.264,Product,1/26/2005,12:39 PM
844,Louise,Female,106362.0,8.965,Sales,2/26/1982,1:03 AM
845,Maria,Female,148857.0,8.738,Legal,6/19/1985,10:09 PM
846,Brenda,Female,131131.0,11.682,Client Services,1/26/2005,6:01 PM
847,Stephen,Male,129663.0,15.574,Human Resources,1/26/2005,10:42 PM
848,Marilyn,Female,41449.0,4.707,Finance,1/26/2005,12:03 PM
849,Bobby,Male,93368.0,2.88,Product,1/26/2005,7:40 AM
850,Ernest,Male,53335.0,9.192,Product,1/26/2005,2:02 PM
851,Marilyn,Male,148291.0,6.002,Finance,1/26/2005,10:04 AM
852,Bobby,Male,147842.0,16.158,Finance,8/19/1996,1:16 AM
853,Diana,Female,105066.0,17.343,Business Development,11/19/2004,8:47 AM
854,Marilyn,Female,139284.0,11.39,Finance,1/26/2005,10:09 PM
855,Harry,Male,63046.0,10.411,Finance,1/26/2005,7:46 PM
856,Phillip,Female,89700.0,2.277,Finance,10/20/2003,10:09 PM
857,Bonnie,Female,108946.0,12.211,Finance,1/18/2006,6:52 PM
858,Marilyn,Female,98406.0,7.943,Product,1/26/2005,6:28 PM
859,Sean,Male,108581.0,9.634,Human Resources,4/25/2006,4:51 PM
860,Robin,Female,41808.0,19.239,Business Development,1/26/2005,2:44 AM
861,Phillip,Male,36837.0,14.66,Marketing,1/26/2005,11:05 AM
862,Jerry,Male,140850.0,18.855,Finance,3/26/1989,4:15 AM
863,Ronald,Female,50426.0,18.536,Sales,1/26/2005,10:05 AM
864,Marilyn,Male,134120.0,6.842,Human Resources,5/15/1984,6:15 AM
865,Ryan,Male,57292.0,6.01,Finance,11/16/2012,1:47 PM
866,Karen,Female,80633.0,16.306,Legal,8/29/1997,4:56 PM
867,Bonnie,Female,131943.0,14.249,Client Services,1/26/2005,2:17 AM
868,Marilyn,Male,48046.0,7.737,Marketing,6/15/2013,3:00 AM
869,Katherine,Female,97443.0,13.657,Product,8/18/2013,10:09 PM
870,Matthew,Male,135352.0,7.986,Business Development,1/26/2005,5:39 AM
871,Marilyn,Female,107816.0,18.751,Marketing,11/19/1996,10:09 PM
872,Gerald,Female,96329.0,2.469,Engineering,3/29/2003,10:37 AM
873,Brenda,Female,73749.0,19.332,Business Development,1/18/2015,10:09 PM
874,Marilyn,Male,75607.0,4.299,Sales,1/26/2005,6:05 PM
875,Melissa,Female,98858.0,3.525,Human Resources,1/26/2005,4:11 AM
876,Beverly,Female,76485.0,9.212,Engineering,1/26/2005,2:27 PM
877,Terry,Female,41238.0,8.219,Marketing,1/26/2005,4:41 PM
878,Marilyn,Male,114896.0,13.823,Client Services,1/26/2005,7:36 AM
879,Jacqueline,Female,125418.0,8.064,Distribution,5/25/2003,7:13 PM
880,Amy,Female,75415.0,19.132,Client Services,5/20/2009,6:26 AM
881,Robert,Female,90998.0,8.382,Finance,1/26/2005,3:17 AM
882,Ruby,Female,142868.0,6.318,Marketing,1/28/1980,10:09 PM
883,Sara,Female,135990.0,14.344,Distribution,11/18/2014,2:47 PM
884,Kathryn,Female,57300.0,18.015,Marketing,1/26/2005,3:39 PM
885,Lisa,Female,73706.0,18.53,Finance,10/17/2003,1:42 PM
886,Juan,Male,85871.0,9.16,Product,1/26/2005,8:52 AM
887,Marilyn,Male,96795.0,14.837,Sales,1/30/2014,10:09 PM
888,David,Male,92242.0,15.407,Legal,1/26/2005,8:48 AM
889,Marilyn,Female,115149.0,11.934,Legal,1/26/2005,12:32 AM
890,Margaret,Female,126924.0,1.552,Finance,1/26/2005,3:07 AM
891,Marilyn,Male,145329.0,7.1,Finance,11/24/2015,10:09 PM
892,Timothy,Male,92587.0,8.475,Finance,8/25/1991,10:37 AM
893,Brandon,Male,60263.0,2.709,Finance,1/26/2005,12:04 PM
894,Frank,Female,91406.0,10.360060723514211,Business Development,7/27/2013,4:32 PM
895,Betty,Female,37005.0,7.645,Marketing,11/19/2002,10:09 PM
896,Janice,Female,90335.26726342711,10.360060723514211,Finance,1/26/2005,6:02 PM
897,Victor,Male,45267.0,3.942,Sales,1/26/2005,5:01 PM
898,Marilyn,Female,95296.0,10.146,Finance,2/28/1994,10:10 AM
899,Jane,Female,59680.0,15.211,Business Development,4/27/2012,2:12 PM
900,Walter,Male,144701.0,16.323,Marketing,1/26/2005,12:39 AM
901,Christina,Female,35477.0,18.178,Human Resources,6/23/2002,10:09 PM
902,Patricia,Female,119266.0,10.360060723514211,Finance,1/26/2005,4:52 PM
903,Marilyn,Male,103877.0,6.322,Distribution,5/23/2001,7:52 PM
904,Heather,Female,90335.26726342711,14.955,Human Resources,7/29/1983,10:48 AM
905,Stephanie,Female,136604.0,6.16,Human Resources,6/26/1988,5:48 AM
906,Alice,Female,121250.0,4.363,Finance,1/26/2005,12:49 AM
907,Marilyn,Female,35884.0,10.360060723514211,Sales,5/16/2014,10:09 PM
908,Elizabeth,Female,137144.0,10.081,Finance,7/27/1998,11:12 AM
909,Janice,Female,102697.0,3.283,Engineering,12/17/2009,6:42 AM
910,Donald,Male,61999.0,10.360060723514211,Product,1/26/2005,2:25 AM
911,Marilyn,Female,45223.0,8.879,Finance,10/22/2002,1:20 AM
912,Carl,Female,90335.26726342711,15.528,Business Development,1/26/2005,1:33 PM
913,Joe,Male,126120.0,1.02,Finance,1/26/2005,10:09 PM
914,Lois,Female,99747.0,6.168,Marketing,1/26/2005,10:09 PM
915,Marilyn,Female,71958.0,5.272,Distribution,9/28/2001,6:37 AM
916,Todd,Male,115566.0,10.360060723514211,Client Services,1/26/2005,12:34 PM
917,Marilyn,Female,118369.0,7.696,Business Development,1/16/1996,7:18 AM
918,Shawn,Male,51667.0,6.339,Product,3/13/2008,5:36 PM
919,Ryan,Female,85858.0,19.475,Finance,1/26/2005,3:41 AM
920,Marilyn,Male,131423.0,8.957,Distribution,3/21/2009,11:38 AM
921,Rose,Female,90335.26726342711,10.360060723514211,Client Services,1/26/2005,10:09 PM
922,George,Male,50369.0,18.9,Sales,1/26/2005,5:40 AM
923,Marilyn,Male,86615.0,3.412,Business Development,1/26/2005,8:44 AM
924,Irene,Female,135369.0,4.38,Business Development,2/28/1991,10:23 PM
925,Deborah,Female,60003.0,9.624,Client Services,1/26/2005,10:09 PM
926,Marilyn,Female,95866.0,19.388,Sales,8/23/2000,4:19 PM
927,Judith,Female,109324.0,19.488,Distribution,1/26/2005,7:32 AM
928,Philip,Male,103557.0,10.360060723514211,Business Development,1/26/2005,10:56 AM
929,Jeffrey,Male,111376.0,2.673,Business Development,9/20/1986,6:06 AM
930,Theresa,Female,90335.26726342711,1.079,Legal,4/27/2001,9:17 PM
931,Nancy,Female,85213.0,2.386,Finance,1/26/2005,11:57 PM
932,Harold,Male,140444.0,3.771,Distribution,6/23/2012,12:40 PM
933,Bonnie,Female,90427.0,2.01,Client Services,12/23/2008,10:09 PM
934,Doris,Female,141439.0,3.799,Finance,1/26/2005,5:54 PM
935,Samuel,Male,43694.0,10.360060723514211,Engineering,1/26/2005,12:40 PM
936,Alice,Female,131952.0,12.09,Engineering,3/23/1996,10:09 PM
937,Marilyn,Female,90335.26726342711,10.056,Business Development,3/14/2003,5:23 PM
938,Aaron,Female,63126.0,18.424,Client Services,1/22/1986,7:39 PM
939,Mark,Female,44836.0,2.657,Client Services,1/26/2005,10:09 PM
940,Ralph,Female,70635.0,2.147,Client Services,7/28/1995,6:53 PM
941,Andrew,Male,137386.0,8.611,Distribution,1/26/2005,9:38 AM
942,William,Male,104840.0,15.653,Engineering,6/26/1997,8:33 AM
943,Lori,Female,75498.0,6.537,Marketing,11/20/2015,10:09 PM
944,Wayne,Male,67471.0,2.728,Engineering,1/26/2005,11:09 AM
945,Kenneth,Male,90335.26726342711,10.360060723514211,Finance,1/26/2005,8:24 AM
946,Gerald,Female,93712.0,17.426,Distribution,4/15/1989,10:09 PM
947,Marilyn,Female,133472.0,16.941,Distribution,9/15/1985,1:50 AM
948,Marilyn,Female,107351.0,5.329,Marketing,7/30/2012,10:09 PM
949,Marilyn,Female,142410.0,11.048,Engineering,3/31/2006,1:24 PM
950,Scott,Male,37385.0,8.226,Business Development,1/26/2005,8:08 AM
951,Paula,Female,58423.0,10.360060723514211,Business Development,5/21/1983,11:42 AM
952,Marilyn,Female,143638.0,9.662,Finance,9/14/2010,10:09 PM
953,Teresa,Female,90335.26726342711,10.360060723514211,Finance,1/26/2005,3:17 PM
954,Randy,Male,90335.26726342711,10.360060723514211,Product,2/25/2012,5:33 AM
955,Joe,Female,119667.0,1.148,Finance,1/19/1980,4:06 PM
956,Sarah,Female,127118.0,11.176,Legal,1/26/2005,10:09 PM
957,Beverly,Female,80838.0,8.115,Engineering,10/17/1986,12:51 AM
958,Jeffrey,Female,90335.26726342711,15.901,Finance,1/26/2005,10:09 PM
959,Marilyn,Female,39833.0,9.631,Engineering,10/24/1987,4:43 AM
960,Albert,Male,45094.0,5.85,Finance,9/19/1992,2:35 AM
961,Stephen,Male,90335.26726342711,18.093,Business Development,1/26/2005,10:09 PM
962,Antonio,Female,103050.0,3.05,Legal,6/18/1989,9:37 PM
963,Jonathan,Male,121797.0,16.923,Product,8/21/2013,12:45 AM
964,Ann,Female,89443.0,17.94,Sales,9/23/1994,11:15 AM
965,Bruce,Female,35802.0,12.391,Sales,1/26/2005,10:09 PM
966,Catherine,Female,68164.0,18.393,Finance,9/25/1989,1:31 AM
967,Louis,Male,90335.26726342711,9.146,Human Resources,8/16/2011,5:19 PM
968,Thomas,Female,105681.0,19.572,Finance,1/26/2005,3:10 PM
969,Louise,Female,43050.0,11.671,Distribution,3/27/1995,10:09 PM
970,Marilyn,Female,44486.0,10.360060723514211,Engineering,1/26/2005,10:09 PM
971,Alice,Female,63571.0,15.397,Product,1/26/2005,8:54 PM
972,Patrick,Male,90335.26726342711,5.368,Finance,12/30/2002,2:01 AM
973,Victor,Female,76381.0,11.159,Sales,7/28/2006,2:49 PM
974,Russell,Male,137359.0,11.105,Business Development,1/26/2005,10:09 PM
975,Harry,Male,67656.0,16.455,Finance,8/30/2011,6:31 PM
976,Susan,Female,92436.0,12.467,Sales,1/26/2005,10:05 PM
977,Marilyn,Female,137954.0,4.195,Legal,10/19/1992,5:42 AM
978,Sarah,Female,90335.26726342711,5.949,Finance,1/26/2005,10:09 PM
979,Sean,Male,66146.0,11.178,Human Resources,1/17/1983,2:23 PM
980,Ernest,Male,142935.0,13.198,Finance,7/20/2013,6:41 AM
981,Kimberly,Female,46233.0,10.360060723514211,Engineering,1/26/2005,12:57 AM
982,Marilyn,Male,148985.0,19.28,Legal,1/15/1993,10:09 PM
983,Rose,Female,91411.0,10.360060723514211,Finance,1/26/2005,10:43 AM
984,John,Male,146907.0,11.738,Engineering,12/23/1982,10:35 PM
985,Maria,Female,90335.26726342711,13.04,Engineering,10/15/2011,4:53 PM
986,Stephen,Female,85668.0,10.360060723514211,Legal,1/26/2005,8:10 PM
987,Donna,Female,82871.0,17.999,Marketing,11/26/1982,10:09 PM
988,Gloria,Female,136709.0,10.331,Finance,1/26/2005,5:08 AM
989,Alice,Female,47638.0,10.360060723514211,Human Resources,1/26/2005,9:34 AM
990,Justin,Female,38344.0,3.794,Legal,1/26/2005,4:58 PM
991,Robin,Female,100765.0,10.982,Finance,7/24/1987,1:35 PM
992,Marilyn,Female,134505.0,10.360060723514211,Marketing,8/25/2002,10:09 PM
993,Anthony,Male,90335.26726342711,11.625,Finance,10/16/2011,8:35 AM
994,Tina,Female,56450.0,19.04,Engineering,1/26/2005,3:53 PM
995,George,Male,98874.0,4.479,Finance,6/21/2013,5:47 PM
996,Henry,Female,90335.26726342711,16.655,Distribution,11/23/2014,6:09 AM
997,Phillip,Male,42392.0,19.675,Finance,1/31/1984,6:30 AM
998,Russell,Male,96914.0,10.360060723514211,Finance,1/26/2005,10:09 PM
999,Larry,Female,60500.0,11.985,Business Development,4/20/2013,4:45 PM
1000,Marilyn,Male,129949.0,10.169,Sales,5/15/2012,6:24 PM
